row_id,type,from,loop_variable,condition,condition_var,condition_type,condition_name,include_if,message_text,data_sheet,data_row_id,choices.1,choices.2,choices.3,save_name,image,audio,video,obj_name,obj_id,node_name,_nodeId,no_response
,begin_block,,,,,,,"{@offer_msg!=""""@}",,,,,,,,,,,,,,,
1m,send_message,,,,,,,,{{offer_msg}},,,{{accept}},{{refuse}},,,,,,,,,,
1,wait_for_response,,,,,,,,,,,,,,accept offer,,,,,,,,
,send_message,1,,,,,,,"Sorry, I don't understand what you mean.",,,,,,,,,,,,,,
,go_to,,,,,,,,1m,,,,,,,,,,,,,,
,send_message,1,,{{refuse}},,has_only_phrase,No,,{{refuse_msg}},,,,,,,,,,,,,,
,end_block,,,,,,,,,,,,,,,,,,,,,,
2,start_new_flow,"{% if offer_msg!=""""%}1{%endif-%}",,"{% if offer_msg!=""""%}{{accept}}{%endif-%}",,"{% if offer_msg!=""""%}has_only_phrase{%endif-%}","{% if offer_msg!=""""%}Yes{%endif-%}",,{{activity_handler_flow}},,,,,,,,,,,,,,
3,send_message,2,,completed,,,,,{{next_offer_msg}},,,{{next_accept}},{{next_other_opt}},{{next_refuse}},,,,,,,,,
,go_to,3,,{{next_accept}},,has_only_phrase,,,2,,,,,,,,,,,,,,
,begin_block,,,,,,,"{@next_other_opt!=""""@}",,,,,,,,,,,,,,,
,start_new_flow,3,,{{next_other_opt}},,has_only_phrase,,"{@next_other_flow!=""""@}",{{next_other_flow}},,,,,,,,,,,,,,
,send_message,3,,{{next_other_opt}},,has_only_phrase,,"{@next_other_msg!=""""@}",{{next_other_msg}},,,,,,,,,,,,,,
,end_block,,,,,,,,,,,,,,,,,,,,,,
,begin_block,,,,,,,"{@next_refuse!=""""@}",,,,,,,,,,,,,,,
,send_message,3,,{{next_refuse}},,has_only_phrase,,"{@next_refuse_msg!=""""@}",{{next_refuse_msg}},,,,,,,,,,,,,,
,start_new_flow,3,,{{next_refuse}},,has_only_phrase,,"{@next_refuse_flow!=""""@}",{{next_refuse_flow}},,,,,,,,,,,,,,
,end_block,,,,,,,,,,,,,,,,,,,,,,
,send_message,3,,,,,,,"Sorry, I don't understand what you mean.",,,,,,,,,,,,,,
,go_to,,,,,,,,3,,,,,,,,,,,,,,
