type,sheet_name,data_sheet,data_row_id,new_name,data_model,template_arguments,status,group,tags.1,tags.2
create_campaign,parenttext_campaign_events,,,,,,draft,in program,,
data_sheet,goal_data,,,,GoalModel,,,,,
create_flow,description_new_goal,,,,,,,,delivery,
create_flow,description_started_goal,,,,,,,,delivery,
data_sheet,activity_type_data,,,,ActivityTypeModel,,,,,
create_flow,set_up_default_contact_fields,,,,,,,,delivery,
create_flow,define_attachment_paths,,,,,,,,delivery,
template_definition,set_up_comic_names,,,,,names;sheet|,,,,
create_flow,set_up_comic_names,,,,,comic_names,,,delivery,
data_sheet,use_dictionary_data,,,,UseDictionaryModel,,,,,
template_definition,use_dictionary_send_msg_middle,,,,,pt1;pt2,,,,
template_definition,use_dictionary_send_msg_middle_image,,,,,pt1;pt2;image_path,,,,
template_definition,use_dictionary_send_msg_middle_video,,,,,pt1;pt2;video_path,,,,
template_definition,use_dictionary_save_value,,,,,var_name,,,,
template_definition,use_dictionary_save_flow_result_middle,,,,,pt1;pt2;res_name,,,,
template_definition,split_dictionary,,,,,dict;var_name,,,,
template_definition,set_up_global_var,,,,,goals;sheet|modules;sheet|goal_data;sheet|activities;sheet|activity_types;sheet,,,,
create_flow,set_up_global_var,,,,,goal_names;module_names;goal_data;ltp_activity_data;activity_type_data,,,delivery,
template_definition,set_up_prog_var,,,,,activities;sheet|goals;sheet,,,,
create_flow,set_up_prog_var,,,,,activity_type_data;goal_data,,,delivery,
template_definition,update_prog_var_start_goal,,,,,,,,,
create_flow,update_prog_var_start_goal,,,,,,,,delivery,
template_definition,update_prog_var_end_goal,,,,,,,,,
create_flow,update_prog_var_end_goal,,,,,,,,delivery,
template_definition,update_prog_var_start_started_goal,,,,,,,,,
create_flow,update_prog_var_start_started_goal,,,,,,,,delivery,
template_definition,set_up_goal_var,,,,,,,,,
create_flow,set_up_goal_var,goal_data,,,,,,,delivery,
template_definition,update_goal_var_start_mod,,,,,,,,,
create_flow,update_goal_var_start_mod,goal_data,,,,,,,delivery,
template_definition,update_goal_var_start_started_mod,,,,,,,,,
create_flow,update_goal_var_start_started_mod,goal_data,,,,,,,delivery,
create_flow,update_goal_var_start_started_mod_selected,,,,,,,,delivery,
template_definition,update_goal_var_end_mod,,,,,,,,,
create_flow,update_goal_var_end_mod,goal_data,,,,,,,delivery,
template_definition,update_goal_var_start_checkin,,,,,,,,,
create_flow,update_goal_var_start_checkin,goal_data,,,,,,,delivery,
template_definition,update_goal_var_end_checkin,,,,,,,,,
create_flow,update_goal_var_end_checkin,goal_data,,,,,,,delivery,
template_definition,update_curr_goal_var,,,,,,,,,
create_flow,update_curr_goal_var,goal_data,,,,,,,delivery,
create_flow,update_pre_goal_checkin_var,,,,,,,,delivery,
create_flow,update_post_goal_checkin_var,,,,,,,,delivery,
create_flow,update_selected_goal_var,goal_data,,,,,,,delivery,
template_definition,split_by_id_template,,,,,arguments;sheet|,,,,
data_sheet,split_by_id_data,,,,SplitModel,,,,,
create_flow,split_by_id_template,split_by_id_data,content,,,module_content_data,,,delivery,
create_flow,split_by_id_template,split_by_id_data,content_review,,,module_content_data,,,delivery,
create_flow,split_by_id_template,split_by_id_data,checkin,,,module_content_data,,,delivery,
create_flow,split_by_id_template,split_by_id_data,goal_set_up_var,,,goal_data,,,delivery,
create_flow,split_by_id_template,split_by_id_data,curr_goal_update_var,,,goal_data,,,delivery,
create_flow,split_by_id_template,split_by_id_data,goal_start_module,,,goal_data,,,delivery,
create_flow,split_by_id_template,split_by_id_data,goal_start_started_module,,,goal_data,,,delivery,
create_flow,split_by_id_template,split_by_id_data,goal_end_module,,,goal_data,,,delivery,
create_flow,split_by_id_template,split_by_id_data,goal_start_checkin,,,goal_data,,,delivery,
create_flow,split_by_id_template,split_by_id_data,goal_end_checkin,,,goal_data,,,delivery,
create_flow,split_by_id_template,split_by_id_data,pre_goal_checkin,,,goal_data,,,delivery,
create_flow,split_by_id_template,split_by_id_data,post_goal_checkin,,,goal_data,,,delivery,
create_flow,split_by_id_template,split_by_id_data,ltp_activity,,,ltp_activity_data,,,delivery,
create_flow,split_by_id_template,split_by_id_data,troubleshooting,,,goal_data,,,delivery,
create_flow,split_by_id_template,split_by_id_data,review_goal,,,goal_data,,,delivery,
data_sheet,handler_wrapper_data,,,,HandlerWrapperModel,,,,,
template_definition,handler_wrapper,,,,,,,,,
create_flow,handler_wrapper,handler_wrapper_data,,,,,,,delivery,
create_flow,empty,,,,,,,,,
create_flow,campaign,,,,,,,,delivery,
create_flow,timed_goal_content,,,,,,,,delivery,
data_sheet,timed_programme_data,,,,TimedProgrammeModel,,,,,
template_definition,timed_programme,,,,,steps;sheet|,,,,
create_flow,timed_programme,,,,,timed_programme_data,,,delivery,
create_flow,timed_programme_wrapper_not_timed,,,,,,,,delivery,
create_flow,interaction_unfinished_onboarding_wrapper,,,,,,,,delivery,
create_flow,pregoal_checkin_wrapper,,,,,,,,delivery,
create_flow,pre_programme_checkin,,,,,,,,delivery,
create_flow,take_a_pause_wrapper,,,,,,,,delivery,
template_definition,make_options,,,,,max_n,,,,
create_flow,make_options,,,,,10,,,delivery,
template_definition,make_options_wrapper,,,,,,,,,
data_sheet,make_options_wrapper_data,,,,OptionsWrapperModel,,,,,
create_flow,make_options_wrapper,make_options_wrapper_data,,,,,,,delivery,
template_definition,show_options_wrapper,,,,,,,,,
data_sheet,show_options_wrapper_data,,,,OptionsWrapperModel,,,,,
template_definition,activity_offer,,,,,,,,,
data_sheet,activity_offer_data,,,,ActivityOfferModel,,,,,
create_flow,activity_offer,activity_offer_data,,,,,,,delivery,
template_definition,activity_handler,,,,,types;sheet|,,,,
create_flow,activity_handler,,,,,activity_type_data,,,delivery,
template_definition,set_up_act_var,,,,,,,,,
template_definition,update_act_var,,,,,activities;sheet|,,,,
create_flow,update_act_var,,,,,activity_type_data,,,delivery,
template_definition,select_goal_template,,,,,,,,,
template_definition,select_goal_template_one_opt ,,,,,,,,,
data_sheet,select_goal_template_data,,,,SelectGoalModel,,,,,
data_sheet,select_goal_template_one_opt_data,,,,SelectGoalModel,,,,,
create_flow,select_goal_template,select_goal_template_data,,,,,,,delivery,
create_flow,select_goal_template_one_opt ,select_goal_template_one_opt_data,,,,,,,delivery,
create_flow,timed_select_goal,,,,,,,,delivery,
create_flow,program_completion_congrats,,,,,,,,delivery,
create_flow,goal_completion_congrats,,,,,,,,delivery,
data_sheet,wa_templates,,,,WhatsappTemplateModel,,,,,global
template_definition,interaction,,,,,wa_templates;sheet|,,,,
data_sheet,interaction_data,,,,InteractionModel,,,,,
create_flow,interaction,interaction_data,,,,wa_templates,,,delivery,
create_flow,interaction_select_goal_wrapper,,,,,,,,delivery,
create_flow,use_dictionary_save_value,use_dictionary_data,comic_name,,,bug_fix,,,delivery,
template_definition,hook_message,,,,,wa_templates;sheet|,,,,
create_flow,hook_message,,,,,wa_templates,,,delivery,
template_definition,post_goal_checkin_wrapper,,,,,wa_templates;sheet|,,,,
create_flow,post_goal_checkin_wrapper,,,,,wa_templates,,,delivery,
