row_id,type,from,loop_variable,condition,condition_var,condition_type,condition_name,include_if,message_text,data_sheet,data_row_id,choices.1,choices.2,save_name,image,audio,video,obj_name,obj_id,node_name,_nodeId,no_response
1,split_by_value,,,,,,,,@fields.from_timed,,,,,,,,,,,,,
,start_new_flow,1,,yes,,,from campaign,,interaction - unfinished_onboarding,,,,,,,,,,,,,
,save_flow_result,,,completed,,,,,@child.results.proceed,,,,,proceed,,,,,,,,
,save_flow_result,1,,,,,,,yes,,,,,proceed,,,,,,,,
