row_id,type,from,loop_variable,condition,condition_var,condition_type,condition_name,include_if,message_text,data_sheet,data_row_id,wa_template.name,wa_template.uuid,wa_template.variables,choices,save_name,image,audio,video,obj_name,obj_id,node_name,_nodeId,no_response
0,send_message,,,,,,,,{{question}},,,{%if wa_template_ID -%}{{wa_templates[wa_template_ID].name}}{% endif %},{%if wa_template_ID -%}{{wa_templates[wa_template_ID].uuid}}{% endif %},"{% for value in wa_template_vars  -%}
{%if value !="""" -%}{{value}};{% endif %}
{%- endfor -%}","{% for opt in options -%}
{{opt.text}};
{%- endfor -%}",,,,,,,,,
1,wait_for_response,,,,,,,,,,,,,,,interaction,,,,,,,,
,begin_for,,opt,,,,,,{@options@},,,,,,,,,,,,,,,
,save_flow_result,1,,{{opt.text}},,has_only_phrase,{{opt.text}},,{{opt.proceed_result_value}},,,,,,,proceed,,,,,,,,
,send_message,,,,,,,"{@opt.stop_message!=""""@}",{{opt.stop_message}},,,,,,,,,,,,,,,
,end_for,,,,,,,,,,,,,,,,,,,,,,,
,send_message,1,,,,,,,"Sorry, I don't understand what you mean.",,,,,,,,,,,,,,,
,go_to,,,,,,,,0,,,,,,,,,,,,,,,
