row_id,type,from,loop_variable,condition,condition_var,condition_type,condition_name,include_if,message_text,data_sheet,data_row_id,choices,save_name,image,audio,video,obj_name,obj_id,node_name,_nodeId,no_response
0,send_message,,,,,,,,{{question}},,,"{% for opt in options -%}
{{opt.text}};
{%- endfor -%}",,,,,,,,,
1,wait_for_response,,,,,,,,,,,,,,,,,,,,
,begin_for,,opt,,,,,,{@options@},,,,,,,,,,,,
,save_flow_result,1,,{{opt.text}},,has_only_phrase,,,{{opt.proceed_result_value}},,,,proceed,,,,,,,,
,send_message,,,,,,,"{@opt.stop_message!=""""@}",{{opt.stop_message}},,,,,,,,,,,,
,end_for,,,,,,,,,,,,,,,,,,,,
,send_message,1,,,,,,,"Sorry, I don't understand what you mean.",,,,,,,,,,,,
,go_to,,,,,,,,0,,,,,,,,,,,,
