row_id,type,from,loop_variable,condition,condition_var,condition_type,condition_name,include_if,message_text,data_sheet,data_row_id,choices.1,choices.2,save_name,image,audio,video,obj_name,obj_id,node_name,_nodeId,no_response
1,split_by_value,,,,,,,,@fields.type_of_media,,,,,,,,,,,,,
2,send_message,1,,high,,,,,🎉You did it! Congratulations!🎉 You have completed the course and earned yourself the Positive Parenting Trophy 🏆. Well done!,,,,,,,,"@(fields.reward_path & ""parenttext_completion_trophy.mp4"")",,,,,
3,send_message,1,,,,,,,🎉You did it! Congratulations!🎉 You have completed the course and earned yourself the Positive Parenting Trophy 🏆. Well done!,,,,,,"@(fields.reward_path & ""parenttext_completion_trophy.jpg"")",,,,,,,
,remove_from_group,2;3,,,,,,,in program,,,,,,,,,,,,,
,add_to_group,,,,,,,,completed program,,,,,,,,,,,,,
,save_value,,,,,,,,@(now()),,,,,completion time,,,,,,,,
,start_new_flow,,,,,,,,post_goal_checkin - stress,,,,,,,,,,,,,
