row_id,type,from,loop_variable,condition,condition_var,condition_type,condition_name,include_if,message_text,data_sheet,data_row_id,choices.1,choices.2,save_name,image,audio,video,obj_name,obj_id,node_name,_nodeId,no_response
,save_value,,,,,,,,"{% for m in modules|select -%}
{{m}} {%endfor -%}",,,,,"goal {{ID.replace('_', ' ')}} mod to start",,,,,,,,
,save_value,,,,,,,,"@(word_count(fields.goal_{{ID.replace(' ', '_').lower()}}_mod_to_start))",,,,,"goal {{ID.replace('_', ' ')}} n mod",,,,,,,,
,save_value,,,,,,,,,,,,,"goal {{ID.replace('_', ' ')}} mod started",,,,,,,,
,save_value,,,,,,,,,,,,,"goal {{ID.replace('_', ' ')}} mod compl",,,,,,,,
,save_value,,,,,,,,0,,,,,"goal {{ID.replace('_', ' ')}} n mod compl",,,,,,,,
,save_value,,,,,,,,0,,,,,"goal {{ID.replace('_', ' ')}} n mod started",,,,,,,,
,save_value,,,,,,,,,,,,,"goal {{ID.replace('_', ' ')}} checkins to start",,,,,,,,
,start_new_flow,,,,,,,,update_curr_goal_var - {{ID}},,,,,,,,,,,,,
