row_id,type,from,loop_variable,condition,condition_var,condition_type,condition_name,include_if,message_text,template_arguments,data_sheet,data_row_id,choices.1,choices.2,save_name,image,audio,video,obj_name,obj_id,node_name,_nodeId,no_response
,begin_for,,type;i,,,,,,{@activities.values()@},,,,,,,,,,,,,,
,save_value,,,,,,,,"@(replace(fields.c_{{type.ID}}_act, fields.accessed_act,""""))",,,,,,c {{type.ID}} act,,,,,,,,
{{3*i}},split_by_value,,,,,,,,@(word_count(fields.c_{{type.ID}}_act)),,,,,,,,,,,,,,
{{3*i+1}},insert_as_block,{{3*i}},,0,,,,,set_up_act_var,,activity_type_data,{{type.ID}},,,,,,,,,,,
{{3*i+2}},no_op,{{3*i+1}};{{3*i}},,,,,,,,,,,,,,,,,,,,,
,end_for,,,,,,,,,,,,,,,,,,,,,,
