row_id,type,from,loop_variable,condition,condition_var,condition_type,condition_name,include_if,message_text,data_sheet,data_row_id,choices.1,choices.2,save_name,image,audio,video,obj_name,obj_id,node_name,_nodeId,no_response
,save_value,,,,,,,,"@(replace(fields.goals_started, fields.curr_goal,""""))",,,,,goals started,,,,,,,,
,save_value,,,,,,,,@fields.curr_goal,,,,,last goal completed,,,,,,,,
,save_value,,,,,,,,"@(fields.goals_compl & "" "" & fields.curr_goal)",,,,,goals compl,,,,,,,,
,save_value,,,,,,,,,,,,,curr goal,,,,,,,,
,save_value,,,,,,,,@(word_count(fields.goals_compl)),,,,,n goals completed,,,,,,,,
,save_value,,,,,,,,@(word_count(fields.goals_started)),,,,,n goals started,,,,,,,,
,save_value,,,,,,,,@(now()),,,,,time last goal completed,,,,,,,,
