ID,module_name,introduction.msg_list,importance.msg_list,quiz.intro,quiz.content.1.question,quiz.content.1.values,quiz.content.1.answer,quiz.content.1.feedback_correct,quiz.content.1.feedback_incorrect,quiz.content.2.question,quiz.content.2.values,quiz.content.2.answer,quiz.content.2.feedback_correct,quiz.content.2.feedback_incorrect,quiz.content.3.question,quiz.content.3.values,quiz.content.3.answer,quiz.content.3.feedback_correct,quiz.content.3.feedback_incorrect,comic.intro,comic.next_button,comic.text.1,comic.text.2,comic.text.3,comic.text.4,comic.text.5,comic.text.6,tips.intro,tips.next_button,tips.message.1.text,tips.message.2.text,tips.message.3.text,tips.message.4.text,tips.message.5.text,tips.message.6.text,tips.message.7.text,video.script,video.message,video.expiration_time_min,audio.message,audio.expiration_time_min,home_activity.intro,home_activity.activity,home_activity.positive_msg,home_activity.negative_msg,congratulations.msg_list
kind_to_myself_teen,Be Kind to Myself,This skill is about learning to be kind to yourself. ☀️ Imagine you had a friend who was feeling bad about making a big mistake. 😣 What would you say to them if they told you about it? What tone of voice would you use?,"Now think about how you talk to yourself when you make a mistake. Is it different? 
Often, we don’t treat ourselves as well as we treat our friends and family.
;
Being kind to ourselves helps us deal with hard things that happen. When we are kind to ourselves, we can be kind to others.",,,,,,,,,,,,,,,,,"{F2_GRANDMOTHER} is the grandmother and only caregiver of two teenagers. She often feels that between work, caregiving, and managing the home, she does not have enough time for her grandchildren. She wants to spend more time with {F2_DAUGHTER_19}, her eldest grandchild. She knows she is struggling with homework, but has not found the time to help.",,"{F2_GRANDMOTHER}: What is it, {F2_DAUGHTER_19}? Are you okay?

{F2_DAUGHTER_19}: I failed this stupid science exam. I’m so dumb. I’ll never get this and I will never finish school.","- I’m trying my best.
- Trying to make ends meet and raise two teenagers alone is very difficult.
- Other parents find this hard too. I’m not alone.
- This is not the last test that my child will take. There will be other opportunities to help her.
- Things have been very difficult lately, and I need to take some time out to look after myself.","{F2_GRANDMOTHER}: My {F2_DAUGHTER_19}, you are smarter and braver than you know. I am sorry I haven’t had time to help you more with school work. Let’s make a plan to prepare for your next exam and you will see just how talented you are. 

{F2_DAUGHTER_19}: Thanks, Grandma.",,,,"Here are three steps to help you be kind to yourself. In a few days, we will learn to use the same steps with our teens, but first, let’s practise with ourselves: NOTICE, SAY IT’S OKAY, BE KIND.",,"1️⃣ *NOTICE*

😣 Sometimes, it seems easier to ignore negative feelings so they will go away.

❗ But ignoring them only means they will come up later - or get worse!

🚩 When you feel any negative emotion, notice that you are feeling it.

⭐ It can be helpful to name this feeling for yourself.","2️⃣ *SAY IT’S OK*

🛑Take a pause or a few deep breaths.

💛 Now, say to yourself, “It’s OK,” because it is OK to have negative feelings - everyone does sometimes!

😔 Often, these feelings come up for a good reason and can tell us something. It really is OK!","3️⃣ *BE KIND*

💚 When you notice these feelings, it’s important to be kind and patient with yourself.

🎁 Think about what kind of advice a loving friend or family member might give you now.",,,,,,Here’s a video to give you 3 steps for being kind to yourself. It’s such an important skill!,,Here’s an audio message to give you three steps for being kind to yourself. It’s such an important skill!,,"Before we finish, let's practise self-care.

Sit down, close your eyes and listen to your breath as it goes in and out. Notice how you feel. When you are ready, open your eyes again.
;
Listen to your breath.
;
Do you sometimes feel your feelings are too much?
Talk to someone.
Talk to someone you trust. Talk to a friend. Talk to family. 
Get your worries off your chest and then let them go. Even if it’s just for a moment.
How do you feel now?
A joy shared is twice the joy. A problem shared is half the problem.

Parents sometimes need help and support just like teens do!","Now that you know how to practice self-care exercises, take a moment to practice again today. The more you practice self care and taking a pause, the easier it will become! Can you do it?",That’s great! It’s important to practice self care so we are able to deal with hard things that happen.,"That’s OK, it can be hard to set aside time for yourself and treat yourself with kindness. 😣 
If you feel like you are being hard on yourself, come back to this skill from the Main Menu, and see if you can ask someone for the help you need.","Well done for completing this skill! You have now completed @(fields.c_n_mod_compl +1) out of @fields.c_n_mod skills towards your goal, Care for My Teen’s Wellbeing. 

Remember: Notice, Say it’s OK, and Be kind to yourself. You’re doing so well! ⭐"
stress_teen,Help My Teen with Stress,"This skill is about helping our teens with stress. 
Many things can be stressful to your teen: a break-up, stress in your home, being bullied, and exams. These are big life challenges for a teen.","Teens’ brains are still growing. They don’t always have good skills for dealing with stress. 

Some teens feel a lot of stress. In response, they might feel anxious, withdraw from others, or even feel sick. Some teens may respond with violence, self-harm, or by using drugs or alcohol to cope.

You can help your teen cope with their stress by supporting them through it.",Quiz!,Which of the following is NOT a symptom of stress?,Trouble sleeping|Angry Outbursts|Low Energy|Playfulness,Playfulness,"That’s right. Teens who are stressed experience many symptoms, but playfulness is not one of them.","That’s incorrect. Teens who are stressed experience many symptoms, but playfulness is not one of them.",,,,,,,,,,,,,,,,,,,Here are some tips you can use to help your teen when they are feeling stressed:,,"1️⃣ *NOTICE*

👀 Look for signs that your teen is feeling stressed. Their behaviour will often show when they are stressed. 

🚩 They might get angry a lot, want to be alone all the time, be unable to focus, feel tired often, or not feel like doing any work.","2️⃣ *TALK*

❓ Let your teen share about what makes them stressed. Try to accept what they say. 

😣 They might feel a lot of stress about something that feels small to us. To them, it might feel huge!

💛 Let them tell you about what gives them stress without judging them.","3️⃣ *BE THERE*

👂 Listen to what they say, even if you can’t do anything about it.

💚 Tell them it is okay to feel stressed

💡 Help them decide which things are more important to worry about.

🔑 Help them take steps to change what is causing their stress where they can.

📖 Help them prepare for what they are stressing about.",,,,,,▶️ Press Play to watch a video about helping our teens when they are stressed. ,,Here’s an audio message to give you some tips on how to support your teen when they are feeling stressed. 💛,,,"Home Activity! Talk with your teen and make a list of things that bring them stress. Discuss what they could do to avoid or cope with these situations.

Ask your teen how you can help them when they are stressed, too. 

Can you do this with your teen today?","Great! This is such a good way to help our teens cope with their stress. 💚 Supporting your teen when they are stressed helps them deal with it better, and will help them feel more safe and secure. Well done, keep at it! 🏆","That’s OK. It can be hard to talk about these things! NEXT time your teen is acting outside of what you expect from them, think about if it might be because of stress. 🚩 You can use the Main Menu to come back to this skill for tips to support them. 💚","Congratulations on completing the skill, Help My Teen with Stress. You’ve completed @(fields.c_n_mod_compl +1) out of @fields.c_n_mod skills towards the goal, Care for My Teen’s Wellbeing."
show_kindness_teen,Show my Teen Kindness,This skill is about supporting your teen when they are having a difficult time by showing them kindness and support them.,"Being a teen can be very stressful, and they might feel like there is a lot going on or too much is being asked of them. 😣 This can lead to negative behaviours that impact their wellbeing and confidence. You can help them by telling them you get it and showing them love through it. 💙",,,,,,,,,,,,,,,,,,,"Father: {F1_DAUGHTER_13}, how come you are so quiet today, is something wrong?","Father: Talking to someone can help you feel better!

{F1_DAUGHTER_13}: Today at school, I got into a fight with my best friend.","Father: I understand why you are sad. If my best friend was mad at me, I would be upset too. Do you want to talk about it?

{F1_DAUGHTER_13}: Thanks, Dad. I wish I could have done things differently.","Father: It is really difficult when we cannot go backwards in time to change what happened. But, you can try to make things better next time. How about we think together about what you could do to fix your relationship?

{F1_DAUGHTER_13}: Okay…","Father: Thank you for sharing how you are feeling even though it was difficult. As you work through this with your friend, please remember some of the things we talked about together. 

{F1_DAUGHTER_13}: Thank you, Dad.",,Remember the tips we looked at about being kind to yourself? Here are some tips on how you can support your teen when they are having a difficult time:,,"1️⃣ *NOTICE*

👀 Look out for when your teen is frustrated or upset with themselves about something. Look out for common behaviour, like angry outbursts, shouting, or spending lots of time alone.","2️⃣ *LISTEN*

👂Give space for your teen to share what they are experiencing.

💛Try to accept what your teen is saying.

🔄 You may want to show that you are listening by repeating back what you hear","3️⃣ *SAY IT’S OK*

🎈 Let your teen know that their feelings are normal and that everyone feels like this sometimes. 

💛 Tell them it is okay to feel like this. 
;
Of course, not every feeling or situation is okay. Remember, if you need help in a crisis, you can type HELP in ParentText to receive a list of community resources where you may find support.","4️⃣ *COMFORT*

⭐ Comfort your teen, and remind them to be kind to themselves.

⏰ Be patient and give them time to work through their emotions.

💡 If you think it could help, speak to them about what they could do differently next time.",,,,,Here’s a video about showing your teen kindness.,,Here's an audio message on treating your teen with compassion. 👂,,,"Home Activity! Take some time and go through these tips again so you can easily use them when you need them.
Can you do it today?",That’s great! Remember to treat your teen how you would like to be treated when you are having a bad day.,That’s okay. Remember to treat your teen how you would like to be treated when you are having a bad day.,"Great job! 🎉 You have learnt how to support your teen when they are having a difficult time! You have now completed @(fields.c_n_mod_compl +1) out of @fields.c_n_mod skills towards your goal, Care for My Teen's Wellbeing. ⭐"
stress_signs_teen,Know the Warning Signs,This skill is about knowing the warning signs that show your teen may need mental health support. 🔴,Your Teen may require support for their mental wellbeing and happiness. It is important to know when your teen needs help and what type of support is available.,Let’s test your knowledge,Which of the following is NOT a warning sign?,Changes to sleep|Loss of interest in hobbies|Feeling sad or worthless|Reacting emotionally to news or changes in schedule|A lot of worry,Reacting emotionally to news or changes in schedule,That’s correct. It’s normal for teens to react emotionally to many things.,"That’s incorrect. Changes to sleep, loss of interest in hobbies, feeling sad or worthless, and a lot of worry are warning signs. It is normal for teens to react emotionally to news or changes in schedule.",,,,,,,,,,,,,,,,,,,"Here are three steps on knowing the warning signs: NOTICE, DON’T WAIT, GET HELP.",,"1️⃣ *NOTICE*

👀 Notice the warning signs and behaviour that could show that there may be a problem with your teen’s mental health:

A lot sleeping or no sleeping
Loss of interest in hobbies
Sudden loss in school and decrease in grades at school
Sudden changes in personality, for example a lot of anger
Feeling sad, empty, or worthless
A lot of worry
Irritability or restlessness
Not wanting to be around people or take part in activities
Extreme panic
Drug and alcohol use
Signs of self-harm, such as cut marks
Expressing ideas about killing oneself","2️⃣ *ACT EARLY*

❗ If you notice some of these signs, it's time to take action. 

❌ These warning signs can develop into serious problems. 

🌱 Early intervention can have a positive impact on your teens well-being.","3️⃣ *GET HELP*

😃 Respect your teen’s privacy. Talk to your teen about what kind of support they might need. 

💚 Support for you is also really important. Ask for help if you need it. Having a support system can make all the difference.",,,,,,Here is a video on knowing the warning signs.,,Here is a audio message on knowing the warning signs 👂,,,"Home Activity! Take some time to have a conversation with Your Teen about different sources of support in your community. Share how these resources can be helpful. You can involve other members of the family, too.

Can you make a list with your teen today? 😃",Great! This will help you and your teen be more prepared whenever you or they need extra support. 💚Well done for thinking ahead! 🏆,"These conversations are difficult, but it is important your teen knows where to turn for help. You can use the Main Menu to come back to this skill for tips to support them. 💚","Great job! 🎉 You have learnt about warning signs! You have now completed @(fields.c_n_mod_compl +1) out of @fields.c_n_mod skills towards your goal, Care for My Teen's Wellbeing. ⭐"
