ID,module_name,introduction.msg_list,importance.msg_list,quiz.intro,quiz.content.1.question,quiz.content.1.values,quiz.content.1.answer,quiz.content.1.feedback_correct,quiz.content.1.feedback_incorrect,quiz.content.2.question,quiz.content.2.values,quiz.content.2.answer,quiz.content.2.feedback_correct,quiz.content.2.feedback_incorrect,quiz.content.3.question,quiz.content.3.values,quiz.content.3.answer,quiz.content.3.feedback_correct,quiz.content.3.feedback_incorrect,comic.intro,comic.next_button,comic.text.1,comic.text.2,comic.text.3,comic.text.4,comic.text.5,comic.text.6,tips.intro,tips.next_button,tips.message.1.text,tips.message.2.text,tips.message.3.text,tips.message.4.text,tips.message.5.text,tips.message.6.text,tips.message.7.text,video.script,video.message,video.expiration_time_min,audio.message,audio.expiration_time_min,home_activity.activity,home_activity.positive_msg,home_activity.negative_msg,congratulations.msg_list
manage_stress_teen,Manage My Stress,"Before you can care for your teen, you must first care for yourself. This skill is about learning how to manage your stress. ",Managing your stress is really important for your health and mental well-being and will help you develop positive relationships with your teen. 🔑,,,,,,,,,,,,,,,,,,,,,,,,,Here are 3 steps to help you manage your stress:,,"1️⃣ *REFLECT*

📝 Grab a pen and piece of paper. 

⏸ Take a moment to think about how much stress you are feeling. 

⭐ Write down from 0 to 100 how stressed you are. 

❓ How does stress feel for you? Do you feel tense, do you have low energy? Are you finding it hard to sleep and focus, or like everything is too much? Write these down. 

🌱 Knowing how your body responds to stress can help you manage it. ","2️⃣ *IDENTIFY*

🚩 Write down the main stressors in your life. 

💡 Knowing why you feel stress can help you address the stressor and learn how to cope and manage it. 

🎨 Now identify what activities make you happy. What do you enjoy doing? 

💚 There are different things you can do to care for yourself, such as walking, praying, and reading. Activities that help you manage stress are called ‘self-care.’","3️⃣ *ROUTINE*

✨ Reflect on your daily life: how can you reduce your stress?

☕ How many self-care activities can you fit in your routine?

⏰ Try and make time for at least one self-care activity a day. ",,,,,,Here's a video to help you manage your stress 😃,,Here's an audio message to help manage your stress 👂,,"Home Activity! Write down a list of activities that you can do for yourself that bring you joy. They can be something simple like going for a walk or chatting with a friend. 💚 

Can you do it today?","Great. The happier and better you feel, the better parent you will be!","That’s okay. Try to do it soon. The happier and better you feel, the better parent you will be!","Well done 🎉 You have learnt how to manage your stress. You have now completed @(fields.c_n_mod_compl +1) out of @fields.c_n_mod skills towards your goal, Manage My Teen’s Behaviour. 💛"
misbehave_teen,Manage Teen Misbehaviour,"This skill is about what to do when our teens misbehave. 🚩 It is normal for teens to misbehave sometimes when they are tired, scared, hungry, or learning independence.
;
Stop it before it starts! When your teen gets restless, you can distract them with something interesting or fun: say, ""Come, let's play a game together!"" ⚽
",Redirecting behaviour is a way to reduce your teen’s negative behaviour by redirecting them to more positive ones. ➡️,,,,,,,,,,,,,,,,,,,Grandma: (Takes a deep breath in) “Let's clean up this mess together”,"Grandma: Next time, please make sure the house is cleaned up before you watch TV.",Grandma: Thank you for doing your part and keeping the house clean! I’m so proud to be your grandma. ,,,,"There are four steps to redirecting behaviour: BE CALM, QUICK, CLEAR, and POSITIVE.",,"1️⃣ *BE CALM*

✅ Take a few breaths before asking your teen to do something else.

✅ Speak with a calm voice.
","2️⃣ *BE QUICK*

⏰ Ask your teen to do something else, distract them, before the behaviour begins or gets worse.

💡 This is much easier than using consequences after they do something!","3️⃣ *BE CLEAR*

✅ Rather than saying what you DON’T like or want, tell your teen what you DO want them to do.
For example, say:

✨ “Please speak more softly.”

✨ “Remember to walk inside the house.”

This way, it is easier for them to follow! ⭐
","4️⃣ *BE POSITIVE*

✅ Praise your teen when they behave well!

✅ Redirecting your teen to a positive behaviour will help you avoid conflict.

✅ It will also help them know what you expect from them!
",,,,,Here's a video that helps you redirect your teen's behaviour when they misbehave. ☀️,,Here's an audio message that helps you redirect your teen's behaviour when they misbehave. ➡️,,"Home Activity! Share these four steps with another member of your family. Sharing these skills will be great for everyone’s well being. ➡️

Can you share these tips today? ","Amazing! ✨ Over the next few days, try redirecting your teen from a negative behaviour to a positive one before it gets worse.",That's OK! Sometimes it takes time to begin using a new parenting skill. 📝 Start by making a list of small negative behaviours you would like to address and think of positive alternatives. Feeling prepared will give you the confidence to start something new! ⭐,"Well done! 🎉 You have learnt how to redirect your teen's behaviour! 
You have completed @(fields.c_n_mod_compl +1) out of @fields.c_n_mod skills towards your goal, Manage My Teen’s Behaviour. 🏆 "
solve_problems_teen,Solve Problems with My Teen,This skill is about learning how to solve problems with Your Teen. 👂,"As teens get older, they do more by themselves, and sometimes act outside of the rules we made to keep them safe. 🚗 This can cause conflict at home. Learning to solve these problems together can make your teen's behaviour better. ",,,,,,,,,,,,,,,,,,,"KNOW IT

Identify the problem.","SOLVE IT

Think of possible solutions and what would happen if we used them.","TRY IT

Choose a solution and try it out.","TEST IT

Did it work? Great! If it did not work, then try another solution.",,,"When something happens, take a deep breath. Then, help your teen work on the problem with these 4 steps:",,"1️⃣ *KNOW IT*

✅ Put the problem into words.

✅ Talk to your teen about what the problem is.","2️⃣ *SOLVE IT*

✅ Together, think of possible solutions to this problem.

✅ What could you or your teen do differently in this situation in the future?
","3️⃣ *TRY IT*

✅ Choose one solution together.

✅ Try it next time you are in a similar situation.
","4️⃣ *TEST IT*

✅ Ask yourself, “Did it work?” 

✅ If yes, great!

✅ If not, talk to your teen about trying another solution next time
",,,,,Here's a video to help you teach your teen problem-solving skills.,,Here's an audio message to help you teach your teen problem-solving skills.,,"Home Activity! Talk with your teen about the four steps to problem solving by reviewing this module together. Knowing how to solve problems is something they can use for the rest of their lives!

Can you do it today? 
",Great! ,That's okay. Try to review these steps together sometime this week. ,"Well done! 🎉 You have learnt how to solve problems with your teen! You have now completed @(fields.c_n_mod_compl +1) out of @fields.c_n_mod skills towards your goal, Manage my Teen’s Behavior."
consequences_teen,Teach my Teen Consequences,This skill helps with what to do when your teen has already done something wrong… 😔,Teenagers are still learning who they are and how they want to be in the world. Consequences teach our teens that their actions affect themselves and others. ❗ It is important for our teens to learn as they get older. Giving clear consequences teaches teens more than hitting or shouting does.,,,,,,,,,,,,,,,,,Here is a comic that shows how you can involve your teen in establishing fair consequences together.,,"Father: ""I am concerned that you are often still coming home late, {F1_SON_18}. What can we do to help you remember to come home on time?""

{F1_SON_18}: ""If I come home on time, maybe I can stay up 30 minutes later than usual?""","Father: That is a good idea! And what should we do if you don’t follow the rule?

{F1_SON_18} (mumbles): “Mgmluuhm","Father: ""Oh come on, I know you have some ideas.""

{F1_SON_18}: ""Okay…. What about: I have to do my homework?""","Father: ""You have to do your homework anyway. If you forget the rule, it is fair that you will not be able to see your friends the next day.""

{F1_SON_18}: ""Okay, Baba.""",,,Here are 3 simple steps for using consequences when your teen behaves badly:,,"1️⃣ *BE CALM*

✅ Shouting at our teens only makes things worse.

✅ Take some deep breaths or walk away if you need to.

✅ Then, respond in a calm, clear way.
","2️⃣ *BE FAIR*

✅ Give your teen the option to behave before giving a consequence. For example, say, “Either you do your homework now, or you cannot watch your favourite T.V. show tonight.”

✅ Talk about consequences for breaking household rules when you set them so Your Teen knows them already.

✅ Notice if your teen is experiencing a consequence to their action already.
","3️⃣ *BE POSITIVE*

✅ Praise your teen for actions you want to see more of so that they know what they are doing right, too!

✅ See if you can avoid giving consequences at all, by redirecting them to something else before they behave badly.

✅ Consequences help our teens learn how their actions affect others - and to think before they act.

✅Using consequences can be hard at first, but will be easier with practice!
",,,,,,Here's a video that explains how you can use consequences to help your teen act responsibly and respectfully. ,,"Here's an audio message that explains how you can use consequences to help your teen act responsibly and respectfully. ",,"Home Activity! Write a list of consequences you can use that are fair. This will prepare you for next time your teen is behaving badly. 

Can you do it today? ",Well done. A fair consequence will help them learn that their actions impact themselves and others. It also teaches them about responsibility and respect! 😃,"That’s okay. The next time your teen misbehaves, try to tell them how you feel in a calm way and give them a fair consequence for their behaviour. You might see it change the way they behave in the future.","Amazing work! 🎉 You have learnt how to use fair consequences! You have now completed @(fields.c_n_mod_compl +1) out of @fields.c_n_mod skills towards your goal, Manage my Teen’s Behaviour."
