ID,module_name,introduction.msg_list,importance.msg_list,quiz.intro,quiz.content.1.question,quiz.content.1.values,quiz.content.1.answer,quiz.content.1.feedback_correct,quiz.content.1.feedback_incorrect,quiz.content.2.question,quiz.content.2.values,quiz.content.2.answer,quiz.content.2.feedback_correct,quiz.content.2.feedback_incorrect,quiz.content.3.question,quiz.content.3.values,quiz.content.3.answer,quiz.content.3.feedback_correct,quiz.content.3.feedback_incorrect,comic.intro,comic.next_button,comic.text.1,comic.text.2,comic.text.3,comic.text.4,comic.text.5,comic.text.6,tips.intro,tips.next_button,tips.message.1.text,tips.message.2.text,tips.message.3.text,tips.message.4.text,tips.message.5.text,tips.message.6.text,tips.message.7.text,video.script,video.message,video.expiration_time_min,audio.message,audio.expiration_time_min,home_activity.activity,home_activity.positive_msg,home_activity.negative_msg,congratulations.msg_list
routines_teen,Create Routines with My Teen,This skill is about creating routines with Your Teen. 🔄,"Creating daily routines with Your Teen will help them feel more secure and safe. 🔑 Help them plan time for resting, meals, chores, school, and sleep. ⏰",,,,,,,,,,,,,,,,,,,"Mama: {F1_DAUGHTER_16}, you have been spending too much time watching TV and you are watching before your homework is finished. It is important that you get your homework done so you can do well in school. Let’s make a rule about watching TV.

{F1_DAUGHTER_16}: Okay, Mama.","Mama: What do you think would be a fair rule?

{F1_DAUGHTER_16}: Hmmm…well, maybe I can watch TV as much as I want, but only after I do my homework.","Mama: I like that idea, but let’s limit it to 1 hour per day. How does that sound?

{F1_DAUGHTER_16}: Fine.","Mama: Thank you for doing your homework before watching TV, your grades have improved, too! I am proud of you! We can increase your time to an hour and a half…as long as you still follow the rules!

{F1_DAUGHTER_16}: (smiling) Thanks, Mama!",,,Here are some tips on how to create routines with Your Teen.,,"1️⃣ *BE A TEAM*

☕ Talk to your teen about what they want their routines to look like.

✨ Your teen is more likely to follow routines when they help to set them.","2️⃣ *BE CONSISTENT*

👀 Make sure your teen follows their routines daily.

💙 This helps your teen feel safe and secure.

🌱 Feeling secure means your teen has space to grow and develop.","3️⃣ *PRAISE, PRAISE, PRAISE*

🎈 Praise your teen for setting a routine with you.

🌈 Praise your teen when they stick to it.","Here are some routines you could talk about:

✅Bedtime
✅Schoolwork
✅Chores
✅Mealtime
✅Free time
✅T.V. or gadget time
✅Spending time together",,,,,Here's a video to help you create daily routines with Your Teen. ⏰,,Here's an audio message to help you create daily routines with Your Teen. 👂,,Can you try to discuss routines with Your Teen today? ⏰,"That's great! Start creating at least one regular daily routine, like having a meal together or going for a walk. It will help your teen feel secure and loved.",That's OK! Beginning something new takes time. You might want to start with something simple like creating a time when you and Your Teen can do something together like having dinner or going for a walk. Ask your teen for ideas on which routines could be useful for your teen. They might surprise you!,"Amazing! 🎉 You have learnt how to create routines with your teen. You have now completed @(fields.c_n_mod_compl +1) out of @fields.c_n_mod skills towards your goal, Create Structure for My Teen."
rules_teen,Set Family Rules,This skill is about creating family rules or guidelines with Your Teen.,"Family rules can help our teens stay safe from danger, both inside our homes and in the community. Your Teen is more likely to follow rules they help to make. ⭐",,,,,,,,,,,,,,,,,,,"Mama: ""You always come home late!""

{F1_SON_18}: ""No I don’t, I don’t even know what late means! Stop nagging me.""","Let’s see how Mama and {F1_SON_18} did this the next day:

Mama: “I want you to have fun, {F1_SON_18}, but I’m also worried about you staying out late. Do you know why?”

{F1_SON_18}: “Because you want me to have enough time for my schoolwork?”","Mama: “That’s right, and it’s also not safe in this area to be outside after sunset. What do you think would be a good time for you to be home?”","{F1_SON_18}: “I could come home at 10pm?""

Mama: “That’s a bit late, what about 6pm? Or something in the middle?""","{F1_SON_18}: “I could come home at 6pm on school nights and 10pm on Friday and Saturday?”

Mama: “Yes, great. From now on, our household rule is that you need to come home at 6pm on school nights and 10pm on Friday and Saturday. But you always walk home with a friend. Okay?”","{F1_SON_18}: “Okay, Mama”
Mama: “Thank you very much, Joshua, for helping to come up with a good rule together. I am proud to see how responsible you are getting.”",Here are some easy tips to help you make family rules with your teens:,,"1️⃣ *BE A TEAM*

⏰ Create rules with your teen.

⏸ Make one rule at a time.

🔑 Talk about the reasons for the rule.

👂 Listen to their view.","2️⃣ *KEEP IT REAL*

⭐ Make rules realistic: What can your teen actually do?

📖 Be clear and specific about what you want them to do.

✅ Make sure the rule is fair. Explain the reason for the rule.","3️⃣ *BE CONSISTENT*

🔄 Once you set a rule, stick to it.
 
⬆️ They are more likely to follow the rule.

▶️ If the rule includes you, it is important that you stick to it too.","4️⃣ *PRAISE, PRAISE, PRAISE*

⭐ Praise your teen for setting a family rule with you. 

😃 Praise your teen when they follow the rule, just like you do when they behave well!",,,,,Here is a video about setting family rules with Your Teen. 📖,,Here's an audio message about setting family rules with Your Teen. 👂,,Home Activity! Try to create at least one family rule with your teen. 📝 Can you do it today?,"That's great to hear! Remember, when you involve your teen when you make rules, they are more likely to follow them. It's a recipe for success! 🏆","That's OK! Setting rules takes time and practice. ⏰ Think about the rules you would like to set and, when you feel more confident, talk about these rules with your teen. 👂 Remember, you can always review this skill in the Main Menu!","Amazing! 🎉 You have learnt how to make rules with your teen! You have completed @(fields.c_n_mod_compl +1) out of @fields.c_n_mod skills towards your goal, Create Structure for My Teen."
online_safety_teen,Know Online Safety Basics,This skill is about how to keep Your Teen safe online. There is so much to share. We will cover online safety over two lessons. 📱,Teens are spending a lot of time online. Being connected helps them stay positive and learn more! But there are also some risks and dangers. 🚩,,,,,,,,,,,,,,,,,,,"Mama: ""{F1_DAUGHTER_13}, have you done your homework?""

{F1_DAUGHTER_13}: ""Just a minute, I'm finishing this TikTok video""","Mama: ""You are a really great dancer! Tell me about why you like it.""

{F1_DAUGHTER_13}: ""All my friends are on it. I have more than 600 likes and 120 followers.""","Mama: ""I’m proud of how well you dance, {F1_DAUGHTER_13}. But we need to make sure you are safe on this. I know your friends look at TikTok, but with an open account there are also paedophiles who look at videos of teenagers. Paedophiles are older people who want to attack young children and teens.""","Mama: ""Let’s look together online at how we can keep this fun for you but also safe. Look – you can make your account private and control who follows you. So you can accept people you know but not strangers. Can we make a rule together that you can use TikTok but with a private account? I trust you to know who to accept!""","Mama: ""I’m proud of you {F1_DAUGHTER_13}...""",,"Keeping Your Teen safe online is an important step to help them be part of the digital world. 📱When it comes to online safety, there are four tips to keep in mind: 
LEARN, PROTECT, BUILD HABITS, and BUILD TRUST.

Today, we are learn about LEARN and PROTECT. 
The next lesson will cover BUILD HABITS and BUILD TRUST.",,"1️⃣ *LEARN the dangers of being online:* 

🚩 CONTENT: Your teen might come across harmful content, such as violence, hateful speech, pornography, wrong information, or hating women, people with disabilities, or other races, religions, sexualities, or from other countries.

🚩 CONTACT: Adults might pretend to be teens and ask for sexual pictures or to meet with your teen through an online platform.

🚩 CONDUCT: Sometimes, teens or strangers can say or do hurtful things online.","2️⃣ *PROTECT - Keep your teen safe online*

✅ Talk to your teen about which apps and websites are safe and which are not. Discuss why!

✅ Help your teen learn how to make strong passwords to protect their devices.",,,,,,,"Keeping your teen safe online is important to help them learn more about the digital world. 📱 

Here’s a video about keeping your teen safe online.",,"Keeping your teen safe online is important to help them learn more about the digital world. 📱 

Here's an audio message about keeping your teen safe online. 👂",,Home Activity! Ask your teen what they do to stay safe online? You may find that they are already thinking about online safety. Praise your teen for any efforts they make. Can you talk with Your Teen today? 🔔,That’s great! Helping your teen stay safe online is important so they can learn and connect with others. Well done for getting involved. They will be safer for it! 🔑,That’s OK. Put some time aside this week to do this activity with your teen. ⏰ It’s important to talk to our teens about how to stay safe online so they can use the digital world to learn more and connect with others. You can do this! ⭐,Amazing! 🎉 You have learnt how to keep your teen safe online. You have completed @(fields.c_n_mod_compl +1) out of @fields.c_n_mod skills in the Create Structure for My Teen Goal!
habits_online_teen,Build Habits and Trust Online,This skill continues our learning about keeping our teens safe online. 📱,"The previous skill taught you ways to protect your teen online using with LEARN and PROTECT. 

In this skill, we will learn how to BUILD HABITS and BUILD TRUST.","Often, our teens understand more about life online than we do, but that does not mean they know how to keep safe. Let’s test your online safety knowledge.","True or False: If I send a picture to a friend, it will only be visible to them.",True|False,FALSE,"That’s correct. Even in an app where images are temporary, your friend can capture their screen and save your image. Pictures are always stored online and can be accessed by hackers.","That’s incorrect. Even in an app where images are temporary, your friend can capture their screen and save your image. Pictures are always stored online and can be accessed by hackers.",True or False: My password is strong because you have to know my home address to guess it.,True|False,FALSE,"That’s correct. Most passwords are hacked because someone accesses a list of home addresses, birth dates, names or phone numbers. You should never use these details in your password as they are easily guessed.","That’s incorrect. Most passwords are hacked because someone accesses a list of home addresses, birth dates, names or phone numbers. You should never use these details in your password as they are easily guessed.",True or False: Links sent to me by my family and friends are safe to click on.,True|False,FALSE,"That’s right. Your family member’s email or phone account could be hacked. Always double-check a link before clicking on it to make sure you’re visiting a trusted website. If you don’t recognize the web address, don’t click on it.","That’s incorrect. Your family member’s email or phone account could have been hacked and the link could be dangerous. Hackers will try to trick you. Always double-check a link before clicking on it to make sure you’re visiting a trusted website. If you don’t recognize the web address, don’t click on it.",,,,,,,,,"Keeping Your Teen safe online is an important step to help them be part of the digital world. 📱 Today, we are learning how to BUILD HABITS and BUILD TRUST.",,"1️⃣ *BUILD HABITS*

Set up safe online habits at home. 

✅ Plan phone-free times in your house, like during meals, homework, or in bed.

✅ Only let your teen chat online with people they already know. They should never share personal information in a chat room or with strangers.

✅ Before completing forms that ask for personal information, check that the web address begins with https://. Websites that begin with http:// may not be secure.

✅ Help your teen create strong passwords for their accounts. They should be long, not include obvious personal information like your name or birthday, and include upper and lower case letters, numbers and symbols.""

✅ Tell your teen not to click on pop-ups that ask them to download or pay for anything.","2️⃣ *BUILD TRUST with your teen.*

✅ Together, look at websites, social media, games, and apps your teen uses. 

✅ Ask questions - this helps you learn more about your teen’s interests!

✅If you come across anything worrying together, talk about it with your teen.

✅Tell your teen that they should tell an adult if they feel scared, unsafe or upset about something online.",,,,,,,"Keeping your teen safe online is important to help them learn more about the digital world. 📱

Here’s a 2nd video about keeping your teen safe online.",,"Keeping your teen safe online is important to help them learn more about the digital world. 📱

Here's a second audio message about keeping your teen safe online. 👂",,"Home Activity! Take these steps to keep your teen safe online:

 📝 Write down or draw the apps and websites your teen uses

😃 Praise your teen for how good they are at using the web!

🔴 Talk about which sites or apps might be unsafe. Why?

📱 Together, talk about how your teen and their friends can use the internet more safely.

Can you and your teen complete this task today? 🔔",That’s great! Helping your teen stay safe online is important so they can learn and connect with others. Well done for getting involved. They will be safer for it! 🔑,That’s OK. Put some time aside this week to do this activity with your teen. ⏰ It’s important to talk to our teens about how to stay safe online so they can use the digital world to learn more and connect with others. You can do this! ⭐,Amazing! 🎉 You have learnt how to keep your teen safe online. You have completed @(fields.c_n_mod_compl +1) out of @fields.c_n_mod skills in the Create Structure for My Teen Goal!
