ID,module_name,introduction.msg_list,importance.msg_list,quiz.intro,quiz.content.1.question,quiz.content.1.values,quiz.content.1.answer,quiz.content.1.feedback_correct,quiz.content.1.feedback_incorrect,quiz.content.2.question,quiz.content.2.values,quiz.content.2.answer,quiz.content.2.feedback_correct,quiz.content.2.feedback_incorrect,quiz.content.3.question,quiz.content.3.values,quiz.content.3.answer,quiz.content.3.feedback_correct,quiz.content.3.feedback_incorrect,comic.intro,comic.next_button,comic.text.1,comic.text.2,comic.text.3,comic.text.4,comic.text.5,comic.text.6,tips.intro,tips.next_button,tips.message.1.text,tips.message.2.text,tips.message.3.text,tips.message.4.text,tips.message.5.text,tips.message.6.text,tips.message.7.text,video.script,video.message,video.expiration_time_min,audio.message,audio.expiration_time_min,home_activity.activity,home_activity.positive_msg,home_activity.negative_msg,congratulations.msg_list
ipv_equals,Treating Each Other as Equals,"This skill is about how you and your partner can treat each other as equals. ⭐ Family and friends might tell you how a partner or a parent should act. But both men and women benefit when they talk to each other and make decisions together. 

For example, next time a decision needs to be made, involve your partner, and ask what they think. 
",Treating each other as equals and making decisions together can have a big impact on how we feel and can help our children feel loved and safe. ⭐,Let’s do a True/False quiz!,Important decisions that impact the whole family or the relationship should only be made by one partner.,True|False,FALSE,You are right! Communicating and making big decisions together with our partner is an important part of having a healthy relationship. 🔑,"Incorrect. When making big decisions that impact the whole family or relationship, it is important for partners to practise making decisions together.",,,,,,,,,,,Here is a comic that shows how couples can treat each other as equals and make decisions together:,,"{F1_FATHER}: “My dear, you look worried. What’s wrong?”","{F1_MOTHER}: “The stove has not been working very well recently. I think it might be broken.”

{F1_FATHER}: “I noticed this too when I was cooking last week. I wanted to ask you: do you think we should buy a new one?”","{F1_MOTHER}: “Buying a new one would be really expensive. How about we talk about it after dinner, and we can make a decision together?

{F1_FATHER}: “That sounds great. Thank you for cooking dinner, my dear!”","{F1_FATHER}: “I am grateful we can talk about this and make this decision together. It makes a lot more sense to try to get it repaired first.”

{F1_MOTHER}: “Me too. I feel a lot better now that we have talked about it together.”",,,Here are some simple steps that you and your partner can do to treat each other as equals:,,"1️⃣ *SHARE DECISION MAKING*

💡 Next time you are making a decision, try involving your partner. 

😃 Ask what they think. ","2️⃣ *INVOLVE YOUR PARTNER*

😣 It can sometimes be hard to remember to involve our partners in decision making. 

🔄 If you forget, keep trying! 

⭐ Asking for their opinion shows that you care and want them to be involved. ","3️⃣ *TIMING MAKES A DIFFERENCE*
 
⏰ If you have a decision to make, bring it up during a time when you and your partner are not too busy, such as early in the morning or later in the evening. ","4️⃣ *PRACTICE MAKES PERFECT*

⏰ It can take time to get used to making decisions together. 

🔄 Give yourself time and keep trying! 

😃 Remember that by communicating with your partner, you will both eventually start to feel more comfortable talking and sharing decisions. ",,,,,Here’s a video message about treating each other as equals. ,,Here’s a audio message about treating each other as equals. ,,Home Activity! ⭐ Your home activity is to involve your partner in a decision you are making today. Can you do it?  ⏰,Well done! Communicating and working together with your partner makes a difference! 🎉,"It can take time to get used to making decisions together. Give yourself time to adjust. Remember that by communicating with your partner and involving them in decision-making, they will start to feel more comfortable doing so too. ⭐ Remember you can refer back to this content in the Main Menu.","Well done, you have completed the first step to having a healthy relationship with your partner! You are one step closer towards your goal of “Have a Healthy Relationship with my Partner” 🎉"
ipv_supportive,Being a Supportive Partner and Parent,"This skill is about becoming a confident and supportive partner as a parent. 💚
","When mothers and fathers are both engaged in parenting their children, everyone benefits, including the children. 😃",Let’s do a True/False quiz!,It is only the role of the mother and not the father to parent a child.💚,True|False,FALSE,You are right! Parenting is not only the role of a mother - fathers play an important part too! When both mothers and fathers are involved in parenting their children everyone benefits! 🌷,Incorrect. Parenting is not only the role of a mother - fathers play an important part too! When both mothers and fathers are involved in parenting their children everyone benefits! 🌷,,,,,,,,,,,Here is a comic that shows how you can be a supportive partner and involved parent:,,"Father: “Good job, {F1_SON_18}! You are reading very well!”",Mother: “The weather today is so nice. It is a shame I have not had time to go outside for a walk.”,"Father: “If you would like to get some fresh air and exercise, my dear, I can continue helping the children with their homework while you go for your afternoon walk.”","Mother: “That would be wonderful, my love! Thank you for being so supportive.”

Father: “Of course! It is fun to help the children with their reading practice! They are doing so well.”
",,,Here are some simple ways you can become a more confident and supportive partner AND parent.,,"1️⃣ *SHOW APPRECIATION*

⚽ Show your partner that you appreciate it when they spend quality time with your children. ","2️⃣ *WORK TOGETHER*

😃 Unsure how to work together with your partner? Ask them! 

✅ By asking, you show that you care and want to be involved! 
","3️⃣ *LEND A HAND*

👋It can sometimes be difficult to remember to ask your partner if they need help. 

💡 Once you start asking, they may realise you want to be more involved and begin asking for your help on their own.   
","4️⃣ *ASK FOR HELP*

😒 It can be hard to ask for help. Sometimes we expect our partners to know we need help even if we don’t ask them. 

⭐Once you start asking, they will likely start offering to help more in the future! 

💚 Thank your partner! 
",,,,,Here’s a video message about being a supportive partner and parent.,,Here’s a audio message about being a supportive partner and parent.,,Home activity! ⭐ Try doing childcare or housework together with your partner. Do you have time to do it today? ,Fantastic! 🎉,"Sometimes it can be hard to find time during the day. Can you think of a time when you’re less busy? For example, maybe it is easier to do housework together later in the evening when some of the children have gone to sleep. Try to see what works for you! ⭐ Remember you can refer back to this content in the Main Menu.","Well done, you have completed the second step to having a healthy relationship with your partner! You are one step closer towards your goal of “Have a Healthy Relationship with my Partner” 🎉"
ipv_sharing,Sharing Family Responsibilities,This skill is about sharing family responsibilities between you and your partner. 👋,Sharing family responsibilities with your partner can help make life less stressful and improve your relationship! 💚,Let’s do a True/False quiz!,Sharing family responsibilities is not important as long as the housework gets done.,True|False,FALSE,You are right! Sharing the workload is important to make sure things are equal and benefits the whole family! Establishing a routine around caregiving or housework tasks can sometimes be helpful. This also lets you talk to your partner about how to share the workload.,Incorrect. Sharing the workload is important to make sure things are equal and benefits the whole family! Establishing a routine around caregiving or housework tasks can sometimes be helpful. This also lets you talk to your partner about how to share the workload.,,,,,,,,,,,Here is a comic that shows how you can share family responsibilities.,,"{F1_DAUGHTER_13}: “Wow, there are so many clothes in here!”","Mother: “You’re right, {F1_DAUGHTER_13}, there is quite a lot to do.”

Father: “If we do it together it will take less time!”",Mother: “Doing tasks together is also fun”,"Father: “Thank you, my love. Sharing the workload makes it less stressful.”",,,Here are some simple ways you can start sharing family responsibilities with your partner,,"1️⃣ *CREATE A ROUTINE!* 

⏰ This can be hard to remember! Establishing a routine around caregiving or housework tasks can sometimes be helpful. 

😃 This also lets you talk to your partner about how to share the workload.","2️⃣ *TALK ABOUT THE WORKLOAD WITH YOUR PARTNER*

😃 Talking with your partner about how you can share family responsibilities helps both of you understand each other better. 

💛 It also shows that you care!","3️⃣ *ASK FOR HELP*

😒 It can be hard to remember to ask for help. 

🌷 Be kind to yourself if you forget to ask and try again another time. 

⭐ Asking for help and sharing family responsibilities benefits the whole family!",,,,,,Here’s a video message about sharing family responsibilities.,,Here’s a audio message about sharing family responsibilities.,,Home Activity! ⭐ Invite your partner to discuss how you can share family responsibilities more evenly at home! Do you have time to do it today?,Excellent job! Sharing the workload benefits the whole family. You are a star! 🎉,"Trying something new can be hard! To make it easier, ask your partner if you can do housework tasks the first few times. Soon you’ll feel more confident doing it on your own! ⭐ Remember you can refer back to this content in the Main Menu.","Well done, you have completed the third step to having a healthy relationship with your partner! You are one step closer towards your goal of “Have a Healthy Relationship with my Partner” 🎉"
ipv_conflicts,Resolving Conflicts Peacefully,This skill is about resolving conflict peacefully between you and your partner. 💚,All adults have disagreements sometimes. But fighting is not an effective way to solve issues. Learning to respond in a calmer way when experiencing disagreements with your partner can help you create a more peaceful home.🌷,Let’s do a True/False quiz!,"When facing a disagreement, taking a pause before responding can help us stay calm and respond better.",True|False,TRUE,"That’s correct! It can be really hard to stay calm when we’re having a disagreement with others. So taking a pause, such as by taking a couple of deep breaths, can be a useful way to help us to respond better.","That’s incorrect. Since it can be really hard to stay calm when we’re having a disagreement with others, taking a pause, such as by taking a couple of deep breaths, can be a useful way to help us to respond better.",,,,,,,,,,,Here is a comic that shows how you can resolve conflict peacefully. ,,"{F1_DAUGHTER_13}: Look, it is raining!

Mother: Oh no! We left the laundry outside!","Father: “I thought you said you would bring in the laundry today?”

Mother: “No, I was busy cooking dinner! You told me you would take care of it! How could you forget? Now all the laundry is wet!”

Father: “I’m really sorry. It was a mistake!”
","Mother (thinking): I can’t believe he forgot! But everyone can make mistakes. Take a deep breath…

","Mother: “I’m sorry if I sounded upset. I just got stressed because I have had a long day.”

Father: “I am sorry that I forgot the laundry. I know you have had a long day. I will make sure to take care of it after dinner.”
",,,Here are some tips you can try to resolve conflicts with your partner in a peaceful way.,,"1️⃣ *COUNT TO 10*

😣 It can sometimes be really hard to stay calm when we’re having a disagreement with others. 

🔟 Try to think of something that you can do that might help, like taking a couple deep breaths or counting to ten.","2️⃣ *TAKE A PAUSE*

⏸ On the first day of ParentText, you learned to close your eyes, breathe deep, and take a pause. 

😃 Taking a pause before responding can help us stay calm and respond better a little later. 

🌷 When you feel yourself getting angry, try taking a pause. You can do this! ","3️⃣ *WALK AWAY IF NECESSARY*

😣 Sometimes others respond to us negatively when we’re having a disagreement.

❗ In these situations, especially if you feel fearful or threatened, it may be best to walk away for a bit until everyone has calmed down.
;
Remember, if you need help in a crisis, you can type HELP in ParentText to receive a list of community resources where you may find support. 
",,,,,,Here’s a video message about resolving conflicts peacefully.,,Here’s a audio message about resolving conflicts peacefully.,,Home Activity! ⭐ Today’s home activity is to practise taking a pause. Do you have time to practise taking a pause today?,Good job! Taking a pause and staying calm is a great way to reduce conflicts.,It can be really hard to stay calm when we’re having a disagreement with others. Try to think of something that you can do that might help like taking a couple deep breaths. Remember you can refer back to this content in the Main Menu.,"Well done, you have completed the fourth step to having a healthy relationship with your partner! You are one step closer towards your goal of “Have a Healthy Relationship with my Partner” 🎉"
ipv_listen,Listening and Talking to Each Other,This skill is about how you and your partner can listen and talk to each other in a positive way. 💙,"Listening and talking to those around us are key to a more peaceful home. 👂

Talking to your partner about issues before they become bigger problems can help avoid arguments from building up. 💛",Let’s do a True/False quiz!,Talking to and listening to your partner can help prevent conflict,True|False,TRUE,That’s correct! Sharing how we feel and talking about difficulties we’re facing makes everyone in the family stronger! When you listen and talk to your partner you can support each other more and help reduce conflict!,That’s incorrect. Sharing how we feel and talking about difficulties we’re facing makes everyone in the family stronger! When you listen and talk to your partner you can support each other more and help reduce conflict! ,,,,,,,,,,,Here is a comic that shows how partners can listen and talk to each other in a supportive and loving way.,,"Mother: “Are you okay, my love? You look tired.”

Father: “I didn’t sleep well last night and so I am feeling quite tired.”","Mother: “I am sorry to hear that, {F1_FATHER}. Is there anything I can do to help?”

Father: “I might try and get an earlier rest this evening.”
","Mother: “I can take over the children’s bedtime routine after dinner tonight, so that you can get some extra rest.”","Father: “That would be lovely. Thank you so much, my dear.”",,,Here are some tips on how you and your partner can listen and talk with each other in a supportive and loving way:,,"1️⃣ *SHARE HOW YOU FEEL*

🏆 Sharing how we feel and talking about the difficulties we’re facing is a sign of strength and can make everyone in the family stronger! 

💚 By sharing emotions you can better understand and support each other.","2️⃣ *YOU CHOOSE WHAT YOU SHARE*

😃 Sharing your challenges with your partner is about making them more aware of how you are feeling. 

⭐ Remember, you decide how much you share. You can always choose to share more at a later time. ","3️⃣ *BE KIND TO YOURSELF*

😣 Starting something new can be difficult. 

⏰ Give yourself and others time to get used to it. ","4️⃣ *CHOOSE A TIME WHEN YOU FEEL COMFORTABLE*

💚 It’s okay if you don't always want to share your emotions. 

🌷 You can choose to share how you’re feeling at a later time once you feel calmer. ",,,,,Here’s a video message about listening and talking to each other.,,"Here’s a audio message about listening and talking to each other. 
",,Home Activity! ⭐ Try setting aside some time to talk to your partner about your feelings and any difficulties you’re facing. Do you have time to do it today?,Good for you! Talking about challenges and our emotions can be hard. You are doing great! 🎉,"Talking about our feelings and challenges we’re facing can help others understand and support you better. Emotions and challenges are a part of life, and learning how to handle these, can help make life less stressful. Remember you can refer back to this content in the Main Menu.","Well done, you have completed the fifth step to having a healthy relationship with your partner! 🎉"
