ID,module_name,introduction.msg_list,importance.msg_list,quiz.intro,quiz.content.1.question,quiz.content.1.values,quiz.content.1.answer,quiz.content.1.feedback_correct,quiz.content.1.feedback_incorrect,quiz.content.2.question,quiz.content.2.values,quiz.content.2.answer,quiz.content.2.feedback_correct,quiz.content.2.feedback_incorrect,quiz.content.3.question,quiz.content.3.values,quiz.content.3.answer,quiz.content.3.feedback_correct,quiz.content.3.feedback_incorrect,comic.intro,comic.next_button,comic.text.1,comic.text.2,comic.text.3,comic.text.4,comic.text.5,comic.text.6,tips.intro,tips.next_button,tips.message.1.text,tips.message.2.text,tips.message.3.text,tips.message.4.text,tips.message.5.text,tips.message.6.text,tips.message.7.text,video.script,video.message,video.expiration_time_min,audio.message,audio.expiration_time_min,home_activity.activity,home_activity.positive_msg,home_activity.negative_msg,congratulations.msg_list
fun_learning_teen,Have Fun while Learning,This skill is about supporting your teen to find joy and have fun while learning. 😃,Parents play an important role in how your teen learns and develops in and out of school.,,,,,,,,,,,,,,,,,Here is a comic about having fun while learning with your teen.,,"Mother: {F1_DAUGHTER_16} what’s wrong?

{F1_DAUGHTER_16}: I feel overwhelmed and stressed, I don’t want to do homework anymore.","Mother: I understand, homework can be very stressful. Let’s take a quick dance break! This always helped me to feel energised and ready to work!",🎵 Music Plays 🎵,Mother: Okay now that we have some energy lets try this again. What are you stressed about?,,,Here are three tips to help you facilitate joyful and fun learning with your teen. ,,"1️⃣ *PLAY*

🌱 Giving your teen time to have fun and be joyful  improves their  physical and mental health AND their ability to learn and remember important facts!

⚽ Play games

⏰ If your teen starts to feel overwhelmed with school work, help them reduce their stress by taking a pause or having fun together.

💡Incorporate your teen’s interests in their learning.","2️⃣ *BE POSITIVE*

🎈Few teens actually enjoy homework. You can empathise with their frustration, but remind them why homework matters: it strengthens what they have learned at school, and teaches them how to manage their time wisely.

😃 Encourage and praise your teen when they are learning.","3️⃣ *ALLOW CREATIVITY*

🎨 Allow your teen to be creative when learning. For example, encourage your teen to draw or go outside to help their learning.
 
✨If your teen is interested in a new topic, talk to them about it and  encourage them to explore and find out more about it.

💙 Set a good example: Let your teen see you being creative, trying something new, even if you are not good at it yet.",,,,,,Here’s a video message on supporting your teen to find joy while learning!,,Here’s an audio message on supporting your teen to find joy while learning!,,"Home activity! ⭐ Invite your teen to take a small break from homework and do something active for five minutes. You can dance, play football, do jumping jacks, or go for a jog. Breaking up their school work will help them remember information and the physical activity will keep them alert for studying. Do you have time to do it today? ⏰",Great! Use the tips you have learnt today and have fun! Experiencing joy during learning with your teen is a great way to motivate them to learn. 💙,"That's OK! If you don't have time today, set some time aside tomorrow.","Skill complete! You have learnt about supporting Your Teen to find joy and have fun while learning. 
;
You have now completed @(fields.c_n_mod_compl +1) out of @fields.c_n_mod skills towards your goal, Support My Teen's Education. ⭐"
help_teen_learn_teen,Help Your Teen Learn,Caregivers play an important role in how your teen learns and creates meaning in life. ,This skill is about helping your teen learn by setting goals. 😃,,,,,,,,,,,,,,,,,Here is a comic about setting goals.,,"Father: {F1_DAUGHTER_16} you are starting a new year at school, and I am very excited for you. What are your goals for this year?

{F1_DAUGHTER_16}: I want to be the best student in the class!","Father: That is a wonderful goal, {F1_DAUGHTER_16}. What do you think you will need to do to make it happen?

{F1_DAUGHTER_16}: Okay…what about I want to get an A on my first maths exam!","Father: Very good! And how will you get an A on your first maths exam?

{F1_DAUGHTER_16}: Let’s see…how about I make time to study maths every day. And maybe you can help me out if I get stuck on something? ","Father: I will try my best! If you work hard and keep your routine of studying every day, I am sure you will be able to accomplish your goal!",,,Here are three tips to help your teen learn:,,"1️⃣ *SET GOALS*

🏁 Support your teen to set goals for something they want to do. 

📖 Help them make their goals specific and measurable. The goals should be something that they can complete within a specific amount of time.

🎓 Help them understand the connection between learning and achieving their goals.

🌱This builds their motivation to learn.","2️⃣ *ASK QUESTIONS*

❓ Encourage your teen to ask questions.

😃 Ask your teen questions.

💡 Don’t worry if you do not know the answer. Try finding the answer together by looking online, or asking teachers in your school.
 
🎓Curiosity will help your teen’s brain grow!","3️⃣ *MAKE CONNECTIONS*

📖 Ask your teen to connect new information to things they already know, such as one of their interests or a topic from school.

🔑This develops and promotes deeper thinking and understanding of concepts.",,,,,,Here’s a video message on supporting your teen to find joy while learning!,,Here’s an audio message on supporting your teen to find joy while learning!,,"Home Activity! ⭐ Spend 5 minutes and help your teen set a goal to study, or complete their school work this week. Do you have time to do it today? ⏰",Great! Use the tips you have learnt today and have fun! Experiencing joy during learning with your teen is a great way to motivate them to learn 💙,"That's OK! If you don't have time today, set some time aside tomorrow.","Skill complete! You have learnt about supporting your teen to find meaning in their learning. You have now completed @(fields.c_n_mod_compl +1) out of @fields.c_n_mod skills towards your goal, Support My Teen's Education. ⭐ "
positive_learning_teen,Create a Positive Learning Space for Your Teen,This skill is about how to create a positive learning space for your teen.,Your teen will learn much better when they are in a space that supports their learning. 😃,,,,,,,,,,,,,,,,,Here is a comic about creating a learning space for your teen.,,"{F1_SON_18}: Mum, I am home!

Mother: Welcome home, sweetie, did you have a good day at school?","{F1_SON_18}: Yes, now I have to do homework!  ","Mother: Perfect, I have cleared some space for you in the kitchen so you can focus and have some quiet while I cook dinner.","{F1_SON_18}: Thank you mum! Once I am done I can help you with dinner. 

Mother: Thank you, that is great!",📖 Study Time 📖,,A great learning space requires these things:,,"1️⃣ *QUIET*

✅ Effective learning requires focus. Find time and space for your teen to learn with not many distractions.

❌Ask your teen to keep the phone away from the study space. 

❌ Turn off music and reduce other noise so your teen can concentrate.","2️⃣ *ROUTINE*

✅ If possible, encourage your teen to complete school work before beginning their chores. This shows your teen that their education is important to you.","3️⃣ *SUPPORT*

❌ Try not to disturb your teen while they are working.

✅Let them know you are here to help if they need support.

✅ Ask what they need to accomplish today, and praise them if they achieve their goal.",,,,,,Here’s a video message on supporting your teen to create a space for them to learn.,,Here’s an audio message on supporting your teen to create a space for them to learn.,,Home Activity! ⭐Talk with your teen to find the right study spot in your home. Do you have time to do it today? ⏰,Great! Use the tips you have learnt today to set your teen up for academic success. 💙,"That's OK! If you don't have time today, set some time aside tomorrow.","Skill complete! You have learnt about supporting your teen to create a space for them to learn. 
;
You have now completed @(fields.c_n_mod_compl +1) out of @fields.c_n_mod skills towards your goal, Support My Teen's Education. ⭐"
learning_mistakes_teen,Learning from Mistakes,Today’s parenting skill is about helping your teen know how to learn from their mistakes.,Learning from our mistakes can help us avoid them in the future. It can also help us be more supportive to ourselves and less harsh when things do not go well. 😃,,,,,,,,,,,,,,,,,Here is a comic about learning from your mistakes:,,"Mother: What happened honey?

{F1_SON_18}: I got a bad grade on my maths test.","Mother: I am sorry you got a bad result. You must be very frustrated.

{F1_SON_18}: Yes, especially since I thought I understood everything already.","Mother: I know you are still amazing and smart. Do you know what went wrong?

{F1_SON_18}: I guess I was too confident, so I did not study.","Mother: Ah well, at least you now know that it is important to study for every test no matter how confident you feel. Would you like some help to remind you next time?

{F1_SON_18}: It is okay, Mama. I will remember. Thanks for understanding.",,,Here are four tips that you can use to help your teen learn from their mistakes:,,"1️⃣ *TALK*

👂 Create space and time for your teen to talk with you about their life. 

💙 If their day was challenging, listen to them, and give space to let them share.

💛 Give them support and show you care. Tell them, ""that sounds difficult.”","2️⃣ *PRAISE EFFORT*

💛 Praise your teen for the effort they put into their learning even if they did not succeed.

✨ Effort is more important than mastering a specific skill.","3️⃣ *ALLOW FOR MISTAKES TO HAPPEN*

🌱 Allow your teen to make mistakes. Let them learn from their own mistakes so they can learn and grow.

❓ It is tempting to want to solve every problem for your teen, especially when you know better. This will not teach them to solve their own problems.

😃 Talk to your teen about their mistakes and allow them figure out a way to solve their problems and do better next time.","4️⃣ *SHARE*

📖 Try and share your own failures with your teen and discuss how they helped you develop and grow.

✅This helps your teen learn that you do not have to be perfect all the time.",,,,,Here’s a video message on supporting your teen to create a space for them to learn.,,Here’s an audio message on supporting your teen to create a space for them to learn.,,Home Activity! ⭐Share a story with your teen about a time you learned from a mistake. It can be from school or another life lesson. Do you have time to do it today? ⏰,Great! Use the tips you have learnt today to help your teen gain mental strength.,"That's OK! If you don't have time today, set some time aside tomorrow.","Skill complete! You have learnt about supporting your teen to create a space for them to learn. You have now completed @(fields.c_n_mod_compl +1) out of @fields.c_n_mod skills towards your goal, Support My Teen's Education. ⭐"
learning_with_people_teen,Learning How to Work with Other People,This skill is about helping your teen learn how to work with others. ,"In order to succeed at home, school, and work, your teen will need to know how to work with others. ",,,,,,,,,,,,,,,,,Here is a comic on helping your teen learn to work with others:,,"Father: My daughter, {F1_DAUGHTER_16}, has been struggling with English, do you have any recommendations?","Teacher: Yes, how about you set up a book club with your daughter and her friends where they can read and discuss the book together?

Father: That sounds great!",{F1_DAUGHTER_16}: Did anyone understand chapter 3? I need some help making sense of it.,"{F1_DAUGHTER_16}: Thank you so much for suggesting a book club, Dad. Our reading assignments are more fun and easier to understand when I work on them together with my friends. 

Father: I am glad it is working for you. Even as an adult, I still learn a lot from others! Just last week, your mother taught me how to make this delicious chicken stew I am making for dinner.",,,You can help them build this skill with these tips: ,,"1️⃣ *BE SOCIAL*

😃 Allow your teen to go and study with friends in a safe way. You can call these friends, ‘study buddies.’","2️⃣ *TEAM WORK*

👂 Encourage your teen to listen to and respect others and their ideas.",,,,,,,Here’s a video message on supporting your teen to be social and learn with others.,,Here’s an audio message on supporting your teen to be social and learn with others.,,Home Activity! ⭐ Chat with your teen and identify a possible study buddy for the next week. Do you have time to do it today? ⏰,Great! Use the tips you have learnt today and have fun! Experiencing joy during learning with your teen is a great way to motivate them to learn. 💙,"That's OK! If you don't have time today, set some time aside tomorrow.","Skill complete! You have learnt about supporting your teen to create a space for them to learn. 
;
You have now completed @(fields.c_n_mod_compl +1) out of @fields.c_n_mod skills towards your goal, Support My Teen's Education. ⭐ "
