ID,module_name,introduction.msg_list,importance.msg_list,quiz.intro,quiz.content.1.question,quiz.content.1.image,quiz.content.1.values,quiz.content.1.answer,quiz.content.1.feedback_correct,quiz.content.1.feedback_incorrect,quiz.content.2.question,quiz.content.2.image,quiz.content.2.values,quiz.content.2.answer,quiz.content.2.feedback_correct,quiz.content.2.feedback_incorrect,quiz.content.3.question,quiz.content.3.values,quiz.content.3.answer,quiz.content.3.feedback_correct,quiz.content.3.feedback_incorrect,comic.intro,comic.next_button,comic.text.1,comic.text.2,comic.text.3,comic.text.4,comic.text.5,comic.text.6,tips.intro,tips.next_button,tips.message.1.text,tips.message.1.image,tips.message.2.text,tips.message.2.image,tips.message.3.text,tips.message.3.image,tips.message.4.text,tips.message.4.image,tips.message.5.text,tips.message.6.text,tips.message.7.text,video.script,video.message,video.expiration_time_min,audio.message,audio.expiration_time_min,home_activity.activity,home_activity.positive_msg,home_activity.negative_msg,congratulations.msg_list
community_safety_teen,Community Safety,This skill is about learning how to keep your teens safe in your community. 🚩,You are not alone! Parents all over the world say they worry about keeping their children safe. ,Let’s test your knowledge about teen safety. ,Which of these is NOT a place where your teen could experience harm?,,Home | A friend’s house | School | Church | Clinic | Park | Bar | None of the Above,None of the above,"You are right. Your teen could experience harm in any of these places, even at home or at church. It is our responsibility as parents to help them learn how to avoid difficult situations wherever they might be.","Incorrect. Your teen could experience harm in any of these places, even at home or at church. It is our responsibility as parents to help them learn how to avoid difficult situations wherever they might be.",,,,,,,,,,,,Let’s check in on {F1_DAUGHTER_16} and her mom:,,"{F1_DAUGHTER_16}: ""Something happened when I was out with my friends {FRIEND_FEMALE_1} and {FRIEND_FEMALE_2}!""

Mama: ""Tell me, {F1_DAUGHTER_16}""","Man in car: “Hey beautiful. I have been looking at you for a while. You are very beautiful, what’s your name?

{FRIEND_FEMALE_1}: “Her name is {F1_DAUGHTER_16}”","Man in car: “{F1_DAUGHTER_16}, would you like to come with me to have something to drink and chips? Come on, get in, you’ll be back in time, I promise…”

{F1_DAUGHTER_16}: “I’m not sure if that’s a good idea…”","{FRIEND_FEMALE_1}: “You are lucky, my friend. I wish a man would ask ME out and buy me gifts. I’m telling you, if you don’t do this I’m going to tell everyone you are stupid!”","{FRIEND_FEMALE_2}: “{F1_DAUGHTER_16} don’t go! Be careful! Let’s go home. It is dangerous to go with people you don’t know. Besides, he’s too old for you and what he is doing is wrong.""

{F1_DAUGHTER_16}: “I just don’t know…","Mama: ""Pfff, I am so proud of you that you did not get into the car. That was a dangerous situation, thank you for telling me!""","One way to keep your teen safe is to create a safety map with them. Together, identify the safe and unsafe places in your community. 📖

Here are three steps to help you make a safety map together:",,"Step 1️⃣: *DRAW*

📝 Draw a map of your community.

🚩 Include the main places: streets, your house, school, shops, and places your teen visits.
",community_safety_draw,"Step 2️⃣: *DECIDE*

🔑 Talk about the places on your map and decide if they are safe or not.

👂 Listen to your teen: they might know more than you think they do about where it is safe or unsafe.

🔵 CIRCLE the places that are safe for teenagers.

❌ CROSS OFF any places that are unsafe for teenagers.
",community_safety_decide,"Step 3️⃣: *DISCUSS*

❗ Sometimes, we find ourselves in trouble.

👀 Discuss where you and your teen can get support in a crisis. These places may include home, school, police station, or a clinic. 

🚩 MARK these areas clearly on your map.
",community_safety_discuss,,,,,,,Here is a video to help you keep your teen safe in the community. ☀️,,Here is an audio message to help you keep your teen safe in the community. ☀️,,Do you have time to create a community safety map with your teen today? 🚩,Amazing! This is a great way to build trust with your teen and keep them safe.,That's OK! Plan to set aside an hour in the next few days to work on this map with your teen. It's a great way to build trust with them and keep them safe. ,"Great job! 🎉 You have learnt about keeping your teen safe in your community! You have now completed @(fields.c_n_mod_compl +1) out of @fields.c_n_mod skills towards your goal, Keep My Teen Safe.⭐"
self_defence_teen,Teach Self Defence,It can be hard to think about dangerous situations for your teen. ,"To keep our teens safe, we need to understand their reality and the potential risky situations they can find themselves in. 
We can help our teens know how to use their thoughts, voice, AND body in dangerous situations. It makes a big difference!",Check out these scenarios. What warning signs do you see?,"{GIRLFRIEND}: ‘I just wanted to…’

{BOYFRIEND}: ‘No, you are staying here. You always leave me alone to go see your friends. Don’t you love me? Or are you meeting your other boyfriend?!’",controlling_boyfriend,The boyfriend is controlling|The boyfriend doesn’t listen|The boyfriend stops the girlfriend from seeing her friends|All of the above,All of the above,"That’s correct. When we are in love, it can be hard to recognise something is wrong in our relationship. If you have a friend in {GIRLFRIEND}’s situation, try to help them see that this behaviour is not healthy or loving. ","Actually, all of these are warning signs! When we are in love, it can be hard to recognise something is wrong in our relationship. If you have a friend in {GIRLFRIEND}’s situation, try to help them see that this behaviour is not healthy or loving.","Let’s try another! What are the warning signs? 
;
Man: ‘Your friends left, so this is the only way you can get home, you idiot!’ ",man_touches,The man touches the girl without permission|The man yells|The man makes the girl feel unsafe|The man lies|All of the above,All of the above,"Yes, all of these are warning signs! Also remember, if people at home or outside use alcohol and other drugs this can be a warning sign, as those can make people aggressive, angry, and even violent.","Actually, all of these are warning signs! Also remember, if people at home or outside use alcohol and other drugs this can be a warning sign, as those can make people aggressive, angry, and even violent.",,,,,,,,,,,,,,"When we do not feel safe, we are allowed to do anything to get away. We can USE OUR VOICE and USE OUR BODIES to protect ourselves. ",,"1️⃣ *USE YOUR VOICE*

When we do not feel safe, we are allowed to do anything to get away. 
;
Remember the last scenario, where the man tried to force the girl into his car? How could the girl use her voice to get away? She might shout…
‘No!’
“Someone help me!”
“I will call the police if you touch me again”
""Do not touch my bum” 
;
Or she might try something else…
“I will do anything you want, just please don’t hurt me.”
“No lift for me, thanks. Last time I got a lift I threw up EVERYWHERE!”
“I can see that you are angry. Let’s sit together and talk about it.”
“I will give you my phone if you let me go.”
Consider, what would you do? There’s no wrong answer. ",,"2️⃣ *USE YOUR BODY*

When our voice does not stop the situation, we can use our bodies to defend ourselves. You should know your attacker’s targets and do what you can to hurt them:
Scratch
Pull
Punch
Kick 
Twist",self_defence_moves,"There are four primary targets to know: 
1. Eyes
2. Throat
3. Groin
4. Knees",self_defence_zone_1,"And seven secondary targets: 
1.Temple 
2. Ears 
3. Nose 
4. Solar Plexus (the space between the ribs) 
5. Fingers 
6. Shin 
7. In Step (top of the feet)",self_defence_zone_2,,,,,Here is a video to help you teach your teen self defence.,,Here is a audio message to help you teach your teen self defence.,,Your home activity is to share this information with your teen so they are ready to defend themselves. You can do it and ParentText can help. Type “SAFE” to repeat this lesson with your teen. Can you do it today? ,That’s great! ,"It can be hard to talk about these topics together, but it will give your teen skills for situations when they need it most. Type “SAFE” into this chat the next time you’re alone with your teen.","Excellent work. You have learned how to teach self defence. You have now completed @(fields.c_n_mod_compl +1) out of @fields.c_n_mod skills towards your goal, Keep My Teen Safe. This skill can be difficult to complete. Remember to take a pause and care for yourself. "
sex_violence_teen,Prevent Sexual Violence,It can be hard to think about dangerous situations for your teen. ,"To keep our teens safe, we need to understand their reality and the potential risky situations they can find themselves in. 
We can help our teens know how to use their thoughts, voice, AND body in dangerous situations. It makes a big difference!",Check out these scenarios. What warning signs do you see?,"Boy: ""Hey pretty, why are you walking so fast! Don’t you want to come show us what is under that skirt?"" ",show_under_skirt,The boy compliments the girl| The boy shows the girl attention| The boy acts disrespectfully,The boy acts disrespectfully,"That’s correct. In this case, the boy’s friend should speak up and correct his friend’s behaviour. ","That’s incorrect. It’s okay to compliment and show attention, but it must be done respectfully. ","Let’s try another. What are the warning signs?
;
Teacher: ""{F2_DAUGHTER_19}, if you want to get good grades this year, you need to stay after school when everyone is gone so I can tutor you.""

{F2_DAUGHTER_19}: ""My friend also needs support. Can I invite her too?""

Teacher: ""No, this will be our secret. You don’t want people to think you are stupid, right?""",sex_violence_teen_teacher,The teacher abuses his power and pressures the girl|The teacher tries to help the girl with schoolwork|The girl asks to include a friend,The teacher abuses his power and pressures the girl,"That’s right. Schools have strict rules to keep students safe. The teacher is abusing his power and knows that what he is doing is wrong. Probably, he has tried this before and will do it again, so {F2_DAUGHTER_19} could try to find others with the same experience to make it easier to report the teacher.","The correct answer was “The teacher abuses his power and pressures the girl”.
;
Schools have strict rules to keep students safe. The teacher is abusing his power and knows that what he is doing is wrong. Probably, he has tried this before and will do it again, so {F2_DAUGHTER_19} could try to find others with the same experience to make it easier to report the teacher. ",,,,,,,,,,,,,,"In a dangerous situation, we may not know what to do and freeze or respond in an angry way – this is normal. These tools can help keep you and your teen safe: KNOW IT, SEE IT, SAY IT, DO IT",,"1️⃣ *KNOW IT*

Know the difference between healthy and unhealthy relationships. If you are attacked, know that it is never your fault. You are allowed to say and do what is needed to stay safe and get away – do not worry about what others may think. You are worth being defended. You are strong and powerful.",,"2️⃣ *SEE IT*

When someone makes you (or someone else) feel uncomfortable with what they say or do, that is never okay! We all have the right to feel safe, especially at home. Follow your intuition. When you feel attacked with words or actions, your goal is to get away.
",,"3️⃣ *SAY IT*

Your voice can stop many attacks. Yell ‘No!’, call for help, warn of consequences, name the behaviour, act crazy, pretend to go along to buy time, use humour, calm them down, or negotiate. Be clear, confident, and direct. Speak using your voice, body language, and eye contact.
",,"4️⃣ *DO IT*

When our voice is not changing the situation, we can use our bodies. Know the ‘weapons’ on your body and know the ‘targets’ on your attacker’s body. Use what is free on your body that you can fight with and what is open on the attacker’s body to hit. ",self_defence_moves,"If you do get hurt by someone, remember it is never your fault. Ask someone you trust for help, and make sure your teen knows they can tell you anything so you can find a solution together.",,,,Here is a video on preventing violence.,,Here is a audio message on preventing violence.,,Home Activity! Help your teen be prepared by repeating this lesson together. To repeat this lesson type “PREVENT” Can you do it today?,That’s great!,That’s okay. Try to do it this week.,"Excellent work. You have completed the Prevent Sexual Violence skill. You have now completed @(fields.c_n_mod_compl +1) out of @fields.c_n_mod skills towards your goal, Keep My Teen Safe. This skill can be difficult to complete. Remember to take a pause and care for yourself."
crises_teen,Respond to Crises,This skill is about learning how to respond to crises when they happen. ❗,"When our teens share something that is very hard or upsetting to them, we need to remember to stay calm, listen, and be open so that they feel supported. 💛",,,,,,,,,,,,,,,,,,,"Here is an example of supporting  your teen, even when something really bad happens.",,"Grandma: ""Shame my dear, you look really upset, do you want to tell me what happened?""","{F2_DAUGHTER_19}: ""It’s my Uncle, he… he… he touched me.""

Grandma (thinking): ""Take a deep breath... What does my child need? She needs me to be calm and listen""

Grandma: ""Come and sit down next to me. Take your time, I’m listening.""","{F2_DAUGHTER_19}: ""It’s true, he… he… made me do it! He made me have sex with him! I didn’t want to, I swear, and I even said NO, but he told me I would be in trouble.""

Grandma: ""Thank you for sharing this with me. You are not in trouble. This is not your fault.""
","{F2_DAUGHTER_19}: ""Yesterday when you went to see your friend. He just came and that’s when it happened.""

Grandma: ""It’s okay, I believe you my child. This is a big thing and we will find a way to get the help we need. Where could we go for help?""

{F2_DAUGHTER_19}: ""My school?""","Grandma: ""Ah I know, let’s go to the clinic. They will know what we can do to help you. Does that sound okay to you?""

{F2_DAUGHTER_19}: ""Yes… Okay… But will you come with me?""","Grandma: ""Of course I will. And {F2_DAUGHTER_19}? Remember this is not your fault. I love you. You are a good person. We will get through this.""",Here are some things you can do to support your teen when they share something difficult with you:,,"1️⃣ *BREATHE: Take a pause*

🌱 Take a deep breath so you can respond calmly.

💛 Ask yourself, “What does my teen need right now?”
",,"2️⃣ *LISTEN: Ask your teen what is going on *

👂 Let your teen share with you what they need.

👀 Notice what they are feeling and tell them what you notice so they feel heard.

💙 Tell your teen that you are there for them and love them.
",,"3️⃣ *RESPOND: What might help what is going on?*

🔶 You might need to help your teen talk about their feelings or redirect their focus.

➡️ You might need to talk about the actions that you or your teen could take to help with what has happened.

⏸ You can give consequences later if needed. Right now, your teen needs you to be there for them with love.

✅ Remember, you can always type HELP to ParentText and get information about resources in your community where you may receive help. ",,"4️⃣ *COMFORT: Be there for your teen*

🌷 It can be hard to see your teen feeling upset or confused, but there is a lot you can do to support them.

💚 They need you to accept them and comfort them when difficult things are going on.

🎈 Remind your teen again that you love them, and thank them for sharing with you.
",,,,,,Here's a video about how to support your teen when they are in difficult situations. 💙,,Here's an audio message on how you can support your teen when they are experiencing difficult situations. 👂,,"Home Activity! 

1️⃣Find a calm time to talk with Your Teen about possible crises that may happen. 
2️⃣Discuss possible actions that you can take with your teen if they happen. 
3️⃣Revisit the Mapping Activity to identify other sources of support in the community. 
4️⃣Thank your teen for taking the time to chat about this. 

Do you have time to do this today?",Amazing! This can help prepare you and your teen for difficult situations AND avoid them happening in the first place.,That's OK! Plan to set aside an hour in the next few days to have this conversation with your teen. This can help prepare you and your teen for difficult situations AND avoid them happening in the first place.,"Amazing job! 🎉 You have learnt how to respond to crises! You have now completed @(fields.c_n_mod_compl +1) out of @fields.c_n_mod skills towards your goal, Keep My Teen Safe. "
