ID,module_name,introduction.msg_list,importance.msg_list,quiz.intro,quiz.content.1.question,quiz.content.1.values,quiz.content.1.answer,quiz.content.1.feedback_correct,quiz.content.1.feedback_incorrect,quiz.content.2.question,quiz.content.2.values,quiz.content.2.answer,quiz.content.2.feedback_correct,quiz.content.2.feedback_incorrect,quiz.content.3.question,quiz.content.3.values,quiz.content.3.answer,quiz.content.3.feedback_correct,quiz.content.3.feedback_incorrect,comic.intro,comic.next_button,comic.text.1,comic.text.2,comic.text.3,comic.text.4,comic.text.5,comic.text.6,tips.intro,tips.next_button,tips.message.1.text,tips.message.1.image,tips.message.2.text,tips.message.2.image,tips.message.3.text,tips.message.3.image,tips.message.4.text,tips.message.4.image,tips.message.5.text,tips.message.5.image,video.script,video.message,video.expiration_time_min,audio.message,audio.expiration_time_min,home_activity.activity,home_activity.positive_msg,home_activity.negative_msg,congratulations.msg_list
budget_needs_teen,Understand Needs and Wants,"In this goal, we are learning about the four steps to building a family budget with our teens. The first step is identifying needs and wants. 💰","Managing how money is spent is important to ensure that parents are able to provide for our teens. When money is tight, this can make us feel anxious, stressed, and sad. Talking with your teen about the difference between something that you need and something that you want can help them understand how to prioritise spending limited money.",,,,,,,,,,,,,,,,,,,,,,,,,Let's learn about the first step to family budgeting with your teen!,,"1️⃣ *IDENTIFY NEEDS*

Make a list of things that you or your teen think you cannot live without. Things that are important for your family to survive. 💚

For example food 🍚, soap to wash hands, or medicine 🏥.",,"2️⃣ *IDENTIFY WANTS*

Make a list of things that you or your teen want. These are things that would be nice to have but not essential 🎁. 

For example the latest version of a smartphone, new toy, or magazine.",,"3️⃣ *TALK*

People often see things in different ways. You may find that your teen sees one thing as a NEED while you see it as a WANT. Talk with your teen about why you feel differently, this will help you to understand each other and can make decisions together about what to spend money on. 💰",,,,,,,Press play to watch a video about needs and wants. ,,Press play to hear a message about needs and wants.,,Home Activity! ⭐ Try to discuss your wants and needs with your teen. Do you have time to do it today?,That’s great! Try to make this a two-way conversation with your teen. Discussing Needs and Wants is very important for creating a successful budget plan. 💚,"That’s OK. The best place to start is by thinking about your own wants and needs before speaking with your teen. Once you feel comfortable, you can take the next step and complete step two of setting a family budget with your teen. Remember you can refer back to this content in the Main Menu.💚","Well done, you have completed the first step to family budgeting with your teen."
budget_expenses_teen,Talk about monthly expenses,"In this goal, we are learning about the four steps to building a family budget with our teens. Today, we are learning about step 2: talking about monthly expenses.",Knowing what your family’s monthly expenses are can be helpful for you and your teen. It can help them understand why money is being spent on some things and not on others.,,,,,,,,,,,,,,,,,,,,,,,,,Here is how you can list your monthly expenses with your teen: ,,📝 Get a piece of paper (or old newspaper or a cardboard box) and a pen.,,🎨 Draw pictures of all the things that you and your family spend money on each month.,,🖊️Write next to each picture how much each thing costs.,,➕Add up how much money you have to spend each month.,monthly_expenses_draw,📷Take a picture of the paper or save it for Step 3!,,,Here’s a video about starting to build a family budget.,,Here’s an audio message about starting to build a family budget.,,Home activity! ⭐ Find time to talk about your expenses with your teen. Do you have time to do it today?,That’s great! Involving your teen will help them learn how to make a budget and understand how money is spent in the family! 💚,That’s OK. You may want to start by doing this activity by yourself or with your partner. You can then do it again with your teen. Remember you can refer back to this content in the Main Menu. 💚,"Well done, you have completed the second step to family budgeting with your teen."
budget_monthly_teen,Make a Monthly Budget,"In this goal, we are learning about the four steps to building a family budget with our teens. Today, we are reviewing step 3: making a monthly budget. 💰","Balancing the money you earn with the money you need to spend is an important step in making a monthly budget. When you involve your teen, they also learn how to do this for themselves!",,,,,,,,,,,,,,,,,,,,,,,,,Here is how you can build a monthly budget with your teen:,,🎨 Take the piece of paper from the monthly expenses activity that shows all the things you spend money on during a month.,,"👛 Add up all the money your family has available each month. This can be from a job, welfare grants, or even money sent to the family by other relatives.",,💵Decide with your teen which of the expenses are things that you NEED and which are things that you WANT.,,⭐ Draw a star next to everything that you NEED. Add up all the things that have a star next to it. ,monthly_expenses_needs,"Is the amount more or less than your monthly budget? If it is less, you can add some things that you WANT. If it is more, then you may want to discuss with your teen which things are really NEEDS. You may need to make difficult choices between different things.",monthly_expenses_wants,,Here’s a video about building a monthly budget.,,Here’s an audio message about building a monthly budget.,,Home Activity! ⭐ It's time to make a monthly budget with your teen. Do you have time to do it today?,That’s great! Involving your teen in making a budget is a great skill for both of you to learn. 💚,"That’s OK. You might want to start by doing this with your partner or by yourself before involving your teen. Once you feel comfortable, you can take the next step of family budgeting. Remember you can refer back to this content in the Main Menu. 💚","Well done, you have completed the third step to family budgeting with your teen.🌈"
budget_savings_teen,Make a Savings Plan,Congratulations! You have reached the final step to family budgeting with your teen: make a saving plan. You should be very proud of your dedication. 💰,Making a saving plan can help you prepare for crises while also having funds for your teen’s education and other things that you may need in the future. Even a small amount each month can make a big difference over time.,,,,,,,,,,,,,,,,,,,"I want the best future for my grandchildren, but I don’t know where to get the money. Loan sharks are dangerous and paying them back is so expensive. I should save, but that feels impossible!",My goal is to make sure my grandson can go to high school and my granddaughter can reach her dream of university. How can I save a lot of money with the little money I have?,"""I know - let’s start with a plan! First, let me make a budget – a plan for how I can save my money. Then I will save just a little bit of money at a time – I will even join a savings and loans group.""","""I should also speak with my grandchildren to choose things that we can spend just a little bit less on each week. They will help me think of things we want but don’t need.""","A few years later: ""Look, we reached our dreams! I didn’t borrow any money from friends or loan sharks. By saving a tiny bit each week, I managed to pay for John’s high school and save some money for Neema’s university. I am so proud of this.”",,Here are some tips on how to make a savings plan with your teen:,,"*WHY SAVE*

Discuss with your teen different reasons that you might want to save money. These could include:

1️⃣Preparing for emergencies

2️⃣Buying something nice for you or your teen or do something fun as a family

3️⃣Planning for future big expenses like improvements on your home or for your teen’s education",,"*HOW TO SAVE*

Set a target amount that you want to save. Look at your monthly budget and discuss with your teen how much you can save each week and each month.",,"*WHERE TO SAVE*

Discuss with your teen different ways to keep money safe for future use. These could include:

1️⃣Saving at a bank

2️⃣Keeping money safe at home

3️⃣Keeping money in a savings and loan group

4️⃣Buying livestock like goats or cattle 

Discuss with your teen about the potential good things (benefits) and problems (risks) of each way of saving money. 
Decide which way of saving money would work best for the family.",,❗ If you can try and save even a tiny amount for the future or for an emergency. This can make a big difference over time.,,"*GET SUPPORT*

Your government or community groups may be giving money, vouchers, or food parcels to families in need. 

Think about whether there are places in your community that provide support.",,,Press play to watch a video about creating a savings plan. ,,Press play to hear a message about creating a savings plan. ,,Home Activity! ⭐ Create a saving plan with your teen. Do you have time to do it today?,"That’s great! Involving your teen in creating a saving plan will help them learn how to save for their own future, too. 💚","That’s OK. You may want to do this first by yourself or with your partner. Involving your teen in creating a saving plan will help them learn how to save for their own future, too. Remember you can refer back to this content in the Main Menu. 💚","Well done, you have completed the final step in making a family budget with your teen. Congratulations! 🌈"
