ID,module_name,introduction.msg_list,importance.msg_list,quiz.intro,quiz.content.1.question,quiz.content.1.values,quiz.content.1.answer,quiz.content.1.feedback_correct,quiz.content.1.feedback_incorrect,quiz.content.2.question,quiz.content.2.values,quiz.content.2.answer,quiz.content.2.feedback_correct,quiz.content.2.feedback_incorrect,quiz.content.3.question,quiz.content.3.values,quiz.content.3.answer,quiz.content.3.feedback_correct,quiz.content.3.feedback_incorrect,comic.intro,comic.next_button,comic.text.1,comic.text.2,comic.text.3,comic.text.4,comic.text.5,comic.text.6,tips.intro,tips.next_button,tips.message.1.text,tips.message.1.image,tips.message.2.text,tips.message.2.image,tips.message.3.text,tips.message.3.image,tips.message.4.text,tips.message.4.image,tips.message.5.text,tips.message.5.image,tips.message.6.text,tips.message.6.image,tips.message.7.text,tips.message.7.image,video.script,video.message,video.expiration_time_min,audio.message,audio.expiration_time_min,home_activity.intro,home_activity.activity,home_activity.positive_msg,home_activity.negative_msg,congratulations.msg_list
care_myself_teen,Care for Myself,This skill is about taking care of yourself. 🌱,"It is normal to feel stressed as your teen develops. As they grow, your relationship changes. To handle this change smoothly, you must care for yourself. 
;
Self-care is an activity you do for yourself, so you feel better and less stressed. 💚",,,,,,,,,,,,,,,,,,,,,,,,,Here is a simple stretching and movement activity that may help you with stress.,,"Stand up and stretch your arms up to the sky. 
...
Push away any clouds and let the sun shine down on you. 
...
Stretch to both sides. 
...
Stretch to the front and to the back.",care_myself_teen_1,"Let your hands hang by your side. 
...
Squeeze your shoulders tightly up to your ears as you breathe in, scrunch your eyes, and hold your breath. 
...
Release your shoulders as you relax your body.",care_myself_teen_2,"Relax your arms and let them swing to the front and back. Take 4 deep breaths while you do this. This is good for your lower back.
...
Relax your arms and let your arms to swing sideways, and turn your upper body. Your arms should gently hit your back as you twist from side to side.",care_myself_teen_3,"Place one foot in front of the other and make small circles from the ankles, remember to turn to both sides. Do each foot with four circles in each direction.",care_myself_teen_4,Now shake your whole body as fast as you can. Shake it up high! Shake it down low! Shake it all around!,care_myself_teen_5,"Close your eyes and raise your arms slowly above your head as you breathe in. Lower your arms slowly to your side as you breathe out. 
...
Raise and lower your arms, breathing in and out,  4 more times.",care_myself_teen_6,"Take a moment to reflect on your experience. 
...
Remember that you can do this activity at any time whenever you feel like you need to release stress and energise your mind and body.",care_myself_teen_7,,Press play for a simple activity that may help you with stress. ▶️,,Here’s an audio message on how to take care of yourself. 🎵 ,,,Home Activity! Try to stretch and move at least once every day. Can you try it now?,Excellent. Movement will be good for your body and make such a difference to how you feel each day. ⭐,That’s okay. Movement will be good for your body and make such a difference to how you feel each day. ⭐,"Well done! 🎉 You have learnt the importance of caring for yourself and how to stretch and move your body. You have completed @(fields.c_n_mod_compl +1) out of @fields.c_n_mod skills towards your goal, Understand Teen Development.✨"
mental_changes_teen,Mental Changes in the Teen Years,In this goal we are learning about the changes teens go through as they grow up. Today we will learn about changes happening to your teen’s mind.,"When you understand how your teen is changing, you can provide your teen with the support they might need and keep them safe. ",Let’s see how much you know about the changes your teen may be experiencing as they grow older!,Which is common for teens?,More Confidence|Less risk-taking|Struggling with identity and self-image|More trusting of people in charge,Struggling with identity and self-image,"Correct! Teens are trying to figure out who they are and what they want to be, which can be confusing and make them doubt themselves.",Incorrect. Teens often struggle with identity and self-image as they figure out who they are and what they want to be.,How can parents help their teens cope with mood swings during adolescence?,Ignore their feelings|Punish them for their emotions|Let them know their feelings are okay and be there for them|Encourage them to ignore their emotions,Let them know their feelings are okay and be there for them,"You are right! Parents can help by listening to them, noticing their feelings, and being there for them.",Incorrect. Parents can help by letting them know their feelings are okay and being there for them.,Why is it important to have healthy communication with your teen during adolescence?,"It's not important, teens need to figure things out on their own|It helps build trust and strengthens relationships|It keeps my teen from keeping secrets",It helps build trust and strengthens relationships,Correct! Communication between parents and teens is important because it helps them understand and trust each other more.,Incorrect. Communication between parents and teens is important because it helps them understand and trust each other more.,,,,,,,,,Here is what you need to know about your teen’s developing mind and how to talk with them about it.,,"1️⃣ *THE DEVELOPING MIND*

🌱 Your teen’s brain hasn’t changed this fast since they were a baby. 

🚩 Teens sometimes behave in risky ways as they test what is possible and allowed, especially if it is pleasurable or fun. 

❗ Teens don’t always have the ability to always think ahead about how their behaviours might impact themselves or other people.",,"2️⃣ *BECOMING MORE INDEPENDENT*

⭐ Teens are on their way to becoming adults.

🌈 They are becoming better at sharing their ideas and are thinking more about long term goals and their future.",,"3️⃣ *HOW TO SUPPORT YOUR TEEN*

To support your teen:

🔑 Guide their choices by balancing rules and limits with independence. 

🏅 You can give them more freedom to make their own choices when they show they can be responsible and take responsibility for their actions.

✨ Be supportive, loving, and positive with your teen. This helps them feel safe and secure around you, and they're more likely to come to you for help or advice when they need it.",,,,,,,,,,,Press play to learn about the mental changes your teen is experiencing.  ▶️,,Press play to learn about the mental changes your teen is experiencing.  ▶️,,,"Home Activity! Use 1-on-1 time to allow your teen to choose anything they would like to talk about. Listen to their experiences and avoid judgement. Notice how you feel and notice their feelings too. Thank your teen for sharing with you. 
Can you do it today?",Fantastic 🎉,That's okay. Try to connect with your teen tomorrow. ,"Well done! 🎉 You have learnt about your teen's developing mind. Later we will learn about their changing bodies and social lives. You have completed @(fields.c_n_mod_compl +1) out of @fields.c_n_mod skills towards your goal, Understand Teen Development.✨"
social_changes_teen,Social Changes in the Teen Years,In this goal we are continuing to learn about the changes your teen may be experiencing as they get older. Today we are exploring social changes.,"When you understand how your teen is growing and changing, you can help them when they face difficulties in social situations.",Let’s see how much you know about the social changes your teen may be experiencing:,Which of the following is a common social change that teens experience?,They become less interested in spending time with friends.|They become less influenced by peer pressure.|They may feel pressure to fit in with their peers.,They may feel pressure to fit in with their peers.,Correct.Teens may feel pressure to fit in with their peers.,Incorrect. Teens may feel pressure to fit in with their peers.,How can parents help their teens navigate social changes?,By always choosing their friends for them|By encouraging them to make their own decisions and supporting them through the consequences|By avoiding discussions about social issues,By encouraging them to make their own decisions and supporting them through the consequences,Correct. Parents can encourage their teen to make their own decisions and be there for them through consequences.,That is incorrect. Parents can encourage their teen to make their own decisions and be there for them through consequences.,What impact can bullying have on a teen?,Improved self-esteem|A sense of belonging|Low self-esteem and social withdrawal,Low self-esteem and social withdrawal,Correct. Bullying can make teens feel bad about themselves and become less social.,Incorrect. Bullying can make teens feel bad about themselves and become less social.,,,,,,,,,Here is what you need to know about your teen’s social life and how to talk with them about it.,,"1️⃣ *THE SOCIAL LIVES OF TEENS*

⚽ Having friends is very important to your teen because it helps them learn how to be a good friend and understand other people's feelings better. This is a big part of growing up and becoming an adult.

👀 Your teen may want to feel like they belong with their peers, and do things that others think are cool. They might talk or dress like others while figuring out who they are. 

😔 Sometimes, when teens have a hard time making friends, they might be picked on or bullied by other kids.",,"2️⃣ *HOW TO SUPPORT YOUR TEEN*

🎨 Let Your Teen try different clothing and hair styles and spend time with different people. Show them you accept them, just as they are. 

⏰ Tell Your Teen what you expect of them at home, but give them the chance to make safe choices, such as how to spend their free time.",," 3️⃣ *THE FACTS*

Here are some facts to share with your teen:

💙 Good friends look out for you, care about you, include you in activities, and treat you with respect. 

🚩A bully is someone who keeps trying to hurt others, either by making them feel bad or using their strength to be mean. But if someone only does it once, it's not bullying.

🌈 To stop bullying in school, it's important to be kind and respectful to others. This makes everyone feel happy and safe at school.",,,,,,,,,,,Press play to learn about the social changes your teen is experiencing.  ▶️,,Press play to learn about the social changes your teen is experiencing.  ▶️,,,"Home Activity! Use 1-on-1 time to talk to your teen about their friends. Who do they wish they spent more time with? Who sets a great example for the class? Listen to your teen and accept what they are saying.

Do you have time to do it today?",Great!,That’s okay. Try to have this talk soon.,"Well done! 🎉 You have learnt about your teen's changing social life. Later we will learn about their changing bodies. You have completed @(fields.c_n_mod_compl +1) out of @fields.c_n_mod skills towards your goal, Understand Teen Development.✨"
physical_changes_teen,Physical Changes in the Teen Years,In this goal we are continuing to learn about the changes your teen may experience as they get older. Today we are exploring their physical changes.,Talking openly with your teen about the changes they are experiencing in their body can help them stay safe.,Here’s a quick quiz to see how much you know about puberty!,What is puberty and when does it often begin for girls?,A time when the body goes through physical and hormonal changes. It often begins between ages 8 and 13 for girls|A time when the mind becomes more mature. It often begins between ages 16 and 18 for girls|A time when the body stops growing. It often begins around age 25 for girls,A time when the body goes through physical and hormonal changes. It often begins between ages 8 and 13 for girls,"Correct! Puberty is when a person's body goes through changes as they grow into an adult. For girls, puberty starts between ages 8 and 13.","Incorrect! Puberty is when a person's body goes through changes as they grow into an adult. For girls, puberty starts between ages 8 and 13.",What are some common physical changes that occur during puberty for girls?,"Increased height, deeper voice, and wider shoulders|Growth of breasts, pubic and underarm hair, and menstruation|Less hunger, longer sleep patterns, and more energy levels","Growth of breasts, pubic and underarm hair, and menstruation","Correct! During puberty, girls go through a lot of physical changes. These include growing breasts, hair in the pubic and underarm areas, and starting their menstrual cycle.","Incorrect. During puberty, girls go through a lot of physical changes. These include growing breasts, hair in the pubic and underarm areas, and starting their menstrual cycle.",How can parents support their daughters during puberty?,By talking openly about puberty and offering reassurance and support|By ignoring the changes and allowing their daughter to figure it out on her own|By discouraging their daughter from asking questions and seeking help if needed,By talking openly about puberty and offering reassurance and support,Correct! Talking about puberty is important for parents to help their daughters feel comfortable and confident. This can make girls feel better about growing up.,Incorrect. Talking about puberty is important for parents to help their daughters feel comfortable and confident. This can make girls feel better about growing up.,,,,,,,,,Here is what you need to know about your teen’s developing body and how to talk with them about it:,,"1️⃣ *TALK*

🌱 Help your teen understand it is normal to go through physical changes during puberty.

✅ Tell your teen that these changes happen to everyone and that they are not alone.",,"2️⃣ *LEARN*

⭐ Provide your teen with truthful information about puberty and the changes she is experiencing.

💛 Encourage her to ask questions and seek help if she needs it.",,"3️⃣ *SUPPORT*

🍚 Encourage your teen to develop healthy habits like eating a balanced diet, getting enough sleep, and exercising regularly.

⚽ Help her find activities she enjoys doing to feel confident and strong in her body.",,,,,,,,,,,Press play to learn about the physical changes your teen is experiencing.  ▶️,,Press play to learn about the physical changes your teen is experiencing.  ▶️,,"Not all physical changes are related to puberty. Your teen may also need support with vision, speech, or physical movement. ParentText has a tool to assess your teen's development and determine whether it's time to follow up with their healthcare provider.","Your home activity is to complete your teen's development assessment. To get started, type GROW. Can you complete the assessment today? ",That's great! ,That's okay. Try to complete this task during the week. You can type GROW at any time to begin. ,"Well done! 🎉 You have learnt about the physical changes your teen is experiencing. You have completed @(fields.c_n_mod_compl +1) out of @fields.c_n_mod skills towards your goal, Understand Teen Development.✨"
