ID,module_name,introduction.msg_list,importance.msg_list,quiz.intro,quiz.content.1.question,quiz.content.1.values,quiz.content.1.answer,quiz.content.1.feedback_correct,quiz.content.1.feedback_incorrect,quiz.content.2.question,quiz.content.2.values,quiz.content.2.answer,quiz.content.2.feedback_correct,quiz.content.2.feedback_incorrect,quiz.content.3.question,quiz.content.3.values,quiz.content.3.answer,quiz.content.3.feedback_correct,quiz.content.3.feedback_incorrect,comic.intro,comic.next_button,comic.text.1,comic.text.2,comic.text.3,comic.text.4,comic.text.5,comic.text.6,tips.intro,tips.next_button,tips.message.1.text,tips.message.2.text,tips.message.3.text,tips.message.4.text,tips.message.5.text,tips.message.6.text,tips.message.7.text,video.script,video.message,video.expiration_time_min,audio.message,audio.expiration_time_min,home_activity.intro,home_activity.activity,home_activity.positive_msg,home_activity.negative_msg,congratulations.msg_list
one_on_one_teen,Spend 1-on-1 Time with My Teen,This skill is about spending 1-on-1 time with Your Teen. 😃,"Spending 1-on-1 time with Your Teen will help you build trust, respect, and a  positive relationship between you and Your Teen.",,,,,,,,,,,,,,,,,,,"Father: {F1_DAUGHTER_13}, how was your day?

{F1_DAUGHTER_13}: I am doing fine dad, I just came from school.","Father: I have 5 minutes of one-on-one time to spare before I have to drive for work again. What would you like to do together.

{F1_DAUGHTER_13}: I was about to do my project for Science. The topic for the project is to make something out of recycled materials. Would you mind helping me with it?

Father: I would be happy to!","{F1_DAUGHTER_13} (excited): I thought of building a Recycled House using old bottles, cartons, and other recycled materials. Look, I picked these up on my way home. They were thrown away by the side of the road and outside the tuk-tuk shops.

Father (smiling): What a good idea, {F1_DAUGHTER_13}. Sounds like you thought about this a lot and want to put a lot of effort in your project. How would you want me to help you?","{F1_DAUGHTER_13}: Dad, kindly clean these bottles for me. They will be the pillars of the house. I make the cartons into the walls and roof of the house. And then later, I was thinking we could paint the cartons and bottles so they would look beautiful.

Father: I may have some left-over paint outside the house, I can take a look later.","Father: Wow, it looks different now! You would not even think they came from the trash. You also painted the walls and the roof beautifully! I think your teacher will be proud of you once she sees your project!

{F1_DAUGHTER_13}: Thank you for your help, dad. You know, there were a lot of fun things that happened in school a while ago.

Father (smiling): Go ahead, tell me.",,"Here are three tips to remember to help you make the most of spending 1-on-1 time with your teen: DAY, PLAY, and STAY.",,"1️⃣ *DAY - Try to do it every day*

⏰ Spend 5 minutes (or more!) with your teen each day.","2️⃣ *PLAY - Let them choose the activity*

⏰ Ask to spend time with your Teen.

⚽ Let them choose what to do or talk about.

🎈Try different activities together.

😃 Have fun!","3️⃣ *STAY - Focus on your teen*

📺 Switch off the TV and put aside phones.

👀 Look at your teen. Nod or say “I see” to show you are really paying attention.
 
💛 Accept your teen and avoid judgement.
 
👂 Rephrase back what your teen says. It shows you are really listening to them.",,,,,,Here’s a video on spending 1-on-1 time with your teen.,,Here’s an audio message on spending 1-on-1 time with your teen.,,,"Home Activity! ⭐ This week, try to spend at least 5 minutes of quality 1-on-1 time with Your Teen every day. It will make such a difference! Do you have time to do it today? ⏰",Great! Use the tips you have learnt today and have fun! Spending 1-on-1 time with your teen is a great way to form a positive relationship with them. 💙,"That's OK! If you don't have time today, set some time aside tomorrow. ","Skill complete! You have learnt the importance of spending 1-on-1 time with Your Teen.
;
You have now completed @(fields.c_n_mod_compl +1) out of @fields.c_n_mod skills towards your goal, Improve my Relationship with my Teen. ⭐"
praise_teen,Give Praise,"Well done for committing to help your teen live a good life. It shows you really care! 💙
;
This skill is about praise. 🎉 How did the message above make you feel? We all feel better when others notice the good things we do. It’s even better when it is by someone we love.",Praising Your Teen when they behave in a good way will make them want to behave that way more often. It also creates a positive and loving relationship with between you and your teen. ⭐,,,,,,,,,,,,,,,,,Here is a comic about praise. ,,"When {F1_MOTHER} is busy, her two daughters often fight. But today, her older daughter actually helped her sister with her schoolwork!","{F1_MOTHER}: Thank you for doing your schoolwork,  {F1_DAUGHTER_16}, and thank you for helping your sister,  {F1_DAUGHTER_13}. I'm so proud of you!",,,,,"When you bring attention to positive behaviours, your teen is likely to behave positively more often and feel good about themselves!

Here are 4 simple tips for praising your teen:",,"1️⃣ *SEE IT*

👀 Look for anything good or helpful your teen does.

⏸ Take a moment to notice that they are doing it.","2️⃣ *SAY IT*

🏆 Praise them when you see them do something you like.

✅ Tell them specifically what they have done well.

🎉 Be enthusiastic and really mean it!

🔄 This means they are more likely to do it again.","3️⃣ *REPEAT IT*

🌷 Look for something to praise your teen for every day.

🔶 Even if it is something really small, keep doing it.","4️⃣ *KEEP IT POSITIVE*

💡 Make sure you focus on something your teen has done well.

🌈 Keeping it positive reminds your teen that you notice them and care.",,,,,"Here's a video on the importance of praise. When you bring attention to positive behaviours, your teen is likely to keep behaving positively and feel good about themselves!",,Here's an audio message on how you can focus on positive behaviour by praising your teen! 👂,,,Your Home Activity today is to praise your teen. Can you try it today?,"Amazing! 🎉 Look for three things that you can praise your teen for every day. You can praise other adults in your household, too. Notice how they respond.","That's OK! Sometimes things take time. You can review this skill in the Main Menu any time. At the end of the day, think of all of the positive things that happened - this makes it easier to point them out. ☀️ With time, praise will come easily to you.","Well done, You have now learnt the four steps to Praise! ⭐ You have completed @(fields.c_n_mod_compl +1) out of @fields.c_n_mod skills in the goal to Improve my Relationship with my Teen."
talk_feelings_teen,Talk about Feelings,This skill is talking about feelings with Your Teen.,Be open to Your Teen and allow them to express how they feel and accept their feelings. Try to listen to Your Teen and think about how it must feel for them. ☀️,Let’s do a True/False quiz:,Talking about positive feelings is not as important as sharing our negative feelings.,True|False,false,"That’s correct. There are 6 basic emotions: Happy, Sad, Angry, Disgusted, Surprised, and Afraid. It’s important that we talk with our teens about ALL of them.","That’s incorrect. There are 6 basic emotions: Happy, Sad, Angry, Disgusted, Surprised, and Afraid. It’s important that we talk with our teens about ALL of them.",Here’s another one: Boys should not share when they are feeling sad or afraid.,True|False,false,"You are right! It is important that both boys and girls learn how to communicate about difficult feelings. Boys will learn that it is okay to feel upset or sad about something, and that it is okay to ask for help when they need it.","Incorrect. It is important that both boys and girls learn how to communicate about difficult feelings. Boys will learn that it is okay to feel upset or sad about something, and that it is okay to ask for help when they need it. This is important for girls, too!","Last one: As parents, we can also share our feelings with our children.",True|False,true,Correct! Sharing our own feelings with our children in a calm way shows them how to do it themselves.,Incorrect. Sharing our own feelings with our children in a calm way shows them how to do it themselves.,,,"Father: Hello my dear, how was your day at school?

{F1_DAUGHTER_13}: Who cares?","Father: {F1_DAUGHTER_13}, you don’t seem very happy, do you want to talk about it?

{F1_DAUGHTER_13}: I’m sorry, Dad. I just find it so frustrating that I studied so hard for my maths test and failed.","Father: That is frustrating, my dear. I know how hard you studied. Maybe we can ask your teacher for extra help with maths? I can come in to talk to her tomorrow if that would help.

{F1_DAUGHTER_13}: Thank you. I think that might be a good idea.","Father: You know, you might feel frustrated about not being good at maths right now, but I’ve never met someone who can write stories as well as you can, {F1_DAUGHTER_13}.",,,"Here are some tips for how you can help Your Teen learn how to cope with their emotions following these six steps: OPEN, SHARE, LEARN, TALK, NOTICE, CARE.",,"1️⃣ *OPEN*

👂 Listen to your teen when they share how they are feeling.

💛 Accept how they feel.

🧸 Give them comfort.","2️⃣ *SHARE*

😃 Share your own feelings with Your Teen.

🌈This sets a good example and shows your teen that it's okay to share their own feelings. ","3️⃣ *LEARN*

💡 Learn about different emotions.

😃 There are 6 basic emotions: Happy, Sad, Angry, Disgusted, Surprised, and Afraid.

😔 As children get older, they learn to identify lots of other emotions, like feeling excited, frustrated, proud, lonely, peaceful, guilty, or confused.","4️⃣ *TALK*

😒 It is normal to have difficulty talking about and expressing emotions and feelings. 

👋 Remember, it is also normal to experience feelings in different ways.

💡 Learn to identify your own emotions, to experience them in our body, and to communicate about them.","5️⃣ *NOTICE*

🌈 Begin to notice all emotions. 

😃 You can also share positive emotions such as a sense of peace, happiness, or calmness.

💙 It can also allow children to appreciate a beautiful moment or feeling of love!","6️⃣ *CARE*

🌷 Use physical and verbal support to make your child feel accepted and loved.

💚 Remind Your Teen that you are there for them and that they can always talk to you.",,,Here is a video message about talking about your feelings with Your Teen. ,,Here is an audio message about talking about feelings with Your Teen.,,,"Home Activity! Talk to your teen about the six steps to coping and talking about emotions, OPEN, SHARE, LEARN, TALK, NOTICE, CARE. Knowing these steps will help give Your Teen the courage to share their feelings! Can you do it today? ",This will make such a big difference. Great job! ⭐,That’s okay. Try to make time this week.,Amazing job ⭐ You have now learnt how to talk to your teen about feelings. You have completed @(fields.c_n_mod_compl +1) out of @fields.c_n_mod skills in your goal to Improve my Relationship with my Teen.
