ID,module_name,introduction.msg_list,importance.msg_list,quiz.intro,quiz.content.1.question,quiz.content.1.values,quiz.content.1.answer,quiz.content.1.feedback_correct,quiz.content.1.feedback_incorrect,quiz.content.2.question,quiz.content.2.values,quiz.content.2.answer,quiz.content.2.feedback_correct,quiz.content.2.feedback_incorrect,quiz.content.3.question,quiz.content.3.values,quiz.content.3.answer,quiz.content.3.feedback_correct,quiz.content.3.feedback_incorrect,comic.intro,comic.next_button,comic.text.1,comic.text.2,comic.text.3,comic.text.4,comic.text.5,comic.text.6,tips.intro,tips.next_button,tips.message.1.text,tips.message.2.text,tips.message.3.text,tips.message.4.text,tips.message.5.text,tips.message.6.text,tips.message.7.text,video.script,video.message,video.expiration_time_min,audio.message,audio.expiration_time_min,home_activity.activity,home_activity.positive_msg,home_activity.negative_msg,congratulations.msg_list
take_a_pause,Take a Pause,"Before we begin the ParentText programme, we must learn to take a pause. 💚",Taking a pause will help you manage stress and be more able to take care of others and yourself.🌱,,,,,,,,,,,,,,,,,Let's practice taking a pause together. ,,"1️⃣ *SIT DOWN*

⏸  Find a place where you can sit comfortably.

⭐ You can close your eyes if you’d like.","2️⃣ *LISTEN*

🌱 Take a deep breath.

👂 Feel  the air moving in and out of your body.

🔄 Repeat this 5 times.","3️⃣ *NOTICE*

✨ Notice how your body feels while you breathe.

🔵 Notice where you feel tension in your body and try to let it go.","4️⃣ *OPEN YOUR EYES*

👀 When you are ready, open your eyes.

🔑 Notice if you feel any different than when you started this activity.",,,"Try taking a pause whenever you feel angry, overwhelmed, stressed or worried. ⏰ Even a few deep breaths or connecting with the ground beneath you can make a difference. You can also take a pause with Your Teen!",NEXT,,,,,,,,script,"Let’s take a pause, together. ▶️Press Play",,"Let’s take a pause, together. ▶️Press Play",,,,,Well done! You have learnt how to take a pause!
