type,sheet_name,data_sheet,data_row_id,new_name,data_model,template_arguments,status,tags.1,tags.2,tags.3
data_sheet,safeguarding_redirect_to_topic_data,,,,SafeguardingRedirectModel,,,,,
template_definition,safeguarding_redirect_to_topic,,,,,arguments;sheet|type,,,,
create_flow,safeguarding_redirect_to_topic,,,safeguarding_redirect_to_topic_all,,safeguarding_redirect_to_topic_data;safeguarding trigger,,safeguarding,,
create_flow,safeguarding_redirect_to_topic,,,safeguarding_redirect_to_topic_highrisk,,safeguarding_redirect_to_topic_data;safeguarding,,safeguarding,,
create_flow,safeguarding_redirect_to_topic,,,safeguarding_redirect_to_topic_trigger,,safeguarding_redirect_to_topic_data;trigger,,safeguarding,,
create_flow,safeguarding_wfr_interaction,,,,,,,safeguarding,,
data_sheet,referrals,,,,ReferralsModel,,,,,
data_sheet,safeguarding_entry_data,,,,SafeguardingEntryModel,,,,,
template_definition,safeguarding_referrals,,,,,referrals;sheet|,,,,
create_flow,safeguarding_referrals,safeguarding_entry_data,,,,referrals,,safeguarding,,
create_flow,safeguarding_entry,safeguarding_entry_data,,,,,,safeguarding,,
template_definition,safeguarding_help,,,,,referrals;sheet|,,,,
create_flow,safeguarding_help,,,,,referrals,,safeguarding,,
create_flow,uncaught_message_flow,,,,,,,safeguarding,,
create_flow,safeguarding_start_programme,,,,,,,safeguarding,,
create_flow,safeguarding_leave_programme,,,,,,,safeguarding,,
create_flow,safeguarding_prevent_wrapper,,,,,,,safeguarding,,
create_flow,safeguarding_safe_wrapper,,,,,,,safeguarding,,
create_flow,safeguarding_menu_wrapper,,,,,,,safeguarding,,
template_definition,trigger_dropout_wrapper,,,,,,,safeguarding,,
create_flow,trigger_dropout_wrapper,safeguarding_redirect_to_topic_data,help,,,,,safeguarding,,
create_flow,trigger_dropout_wrapper,safeguarding_redirect_to_topic_data,menu,,,,,safeguarding,,
create_flow,trigger_dropout_wrapper,safeguarding_redirect_to_topic_data,play,,,,,safeguarding,,
create_flow,trigger_dropout_wrapper,safeguarding_redirect_to_topic_data,safe,,,,,safeguarding,,
create_flow,trigger_dropout_wrapper,safeguarding_redirect_to_topic_data,prevent,,,,,safeguarding,,
create_flow,trigger_dropout_wrapper,safeguarding_redirect_to_topic_data,grow,,,,,safeguarding,,
create_flow,trigger_dropout_wrapper,safeguarding_redirect_to_topic_data,stop,,,,,safeguarding,,
create_flow,trigger_dropout_wrapper,safeguarding_redirect_to_topic_data,start,,,,,safeguarding,,
