row_id,type,from,loop_variable,condition,condition_var,condition_type,condition_name,include_if,message_text,data_sheet,data_row_id,choices.1,choices.2,save_name,image,audio,video,obj_name,obj_id,node_name,_nodeId,no_response
0,send_message,,,,,,,,{{question}},,,Yes,No,,,,,,,,,
1,wait_for_response,,,,,,,,,,,,,,,,,,,,,
,start_new_flow,1,,yes y yeah yep,,,Yes,,safeguarding_referrals - {{ID}},,,,,,,,,,,,,
,send_message,1,,no n nope,,,No,,{{no_message}},,,,,,,,,,,,,
,save_flow_result,,,,,,,,yes,,,,,proceed,,,,,,,,
,send_message,1,,,,,,,"Sorry, I don't understand what you mean.",,,,,,,,,,,,,
,go_to,,,,,,,,0,,,,,,,,,,,,,
