ID,question,intro,no_message
generic,Are you currently facing an emergency?,Here are the contact details of your local emergency services:,"Type ""HELP"" at any time if you would like the details of emergency services or other hotlines. Remember everything you say will be completely private!"
mental_health,Do you need some support with an emotional issue?,"If you ever feel like talking privately to a trained professional, you can call:","Type ""HELP"" at any time if you would like the details of emergency services or other hotlines. Remember everything you say will be completely private!"
health,Are you currently experiencing a health issue?,Here are the contact details of your local medical services:,"Type ""HELP"" at any time if you would like the details of emergency services or other hotlines. Remember everything you say will be completely private!"
violence,Are you experiencing an unsafe situation?,"If you ever feel like talking privately to a trained professional, you can call:","Type ""HELP"" at any time if you would like the details of emergency services or other hotlines. Remember everything you say will be completely private!"
natural_disasters,Do you have an emergency?,Here are the contact details of your local emergency services:,"Type ""HELP"" at any time if you would like the details of emergency services or other hotlines. Remember everything you say will be completely private!"
drugs,Do you need some urgent help?,"If you ever feel like talking privately to a trained professional, you can call:","Type ""HELP"" at any time if you would like the details of emergency services or other hotlines. Remember everything you say will be completely private!"
