ID,question,image,options.1.text,options.1.value,options.1.alias,options.2.text,options.2.value,options.2.alias,options.3.text,options.3.value,options.3.alias
entry,"Please select your language: 

Sicela ukhethe ulimi lwakho:

Sicela kutsi ukhetse lulwimi lwakho:",https://firebasestorage.googleapis.com/v0/b/idems-media-recorder.appspot.com/o/project%2FPLH%2Fsubproject%2FParentText_v2%2Fdeployment%2FGlobal%2FresourceGroup%2Fimage%2Funiversal%2Fparenttext_logo.png?alt=media&token=09fbdf89-e9c8-4d06-bf14-4c480a3a869a,English,eng,eng,Zulu,zul,zul,Swazi,hau,ssw
menu,Please select your language:,,English,eng,eng,Zulu,zul,zul,Swazi,hau,ssw
