row_id,type,from,loop_variable,condition,condition_var,condition_type,condition_name,include_if,save_name,message_text,data_sheet,data_row_id,choices,image,audio,video,obj_name,obj_id,node_name,_nodeId,no_response
1,split_by_value,,,,,,,,,@fields.gender,,,,,,,,,,,
2,save_value,1,,woman no,,has_any_word,woman,,attachment gender,female,,,,,,,,,,,
3,save_value,1,,,,,,,attachment gender,male,,,,,,,,,,,
,save_value,2;3,,,,,,,voiceover video path,"@(fields.path & ""voiceover/resourceType/video/gender/"" & fields.attachment_gender & ""/language/"" & contact.language & ""/"")",,,,,,,,,,,
,save_value,,,,,,,,voiceover audio path,"@(fields.path & ""voiceover/resourceType/audio/gender/"" & fields.attachment_gender & ""/language/"" & contact.language & ""/"")",,,,,,,,,,,
