ID,message.text,message.image,return_option.text,return_option.flow,options.1.text,options.1.flow,options.2.text,options.2.flow,options.3.text,options.3.flow,options.4.text,options.4.flow,options.5.text,options.5.flow,options.6.text,options.6.flow
progress_main,What would you like to do?,,Return to Main Menu,menu - main,View Goals Achieved,menu_progress - achieved,View Incomplete Goals,menu_progress - incomplete,View Goals to Start,menu_progress - to_start,,,,,,
progress_achieved,What would you like to do?,,Return to Main Menu,menu - main,View Incomplete Goals,menu_progress - incomplete,View Goals to Start,menu_progress - to_start,,,,,,,,
progress_started_0,What would you like to do?,,Return to Main Menu,menu - main,View Goals Achieved,menu_progress - achieved,View Goals to Start,menu_progress - to_start,,,,,,,,
progress_started_1,What would you like to do?,,Return to Main Menu,menu - main,View Goals Achieved,menu_progress - achieved,View Goals to Start,menu_progress - to_start,Complete this outstanding goal and leave my current goal incomplete,select_goal_from_menu - incomplete,,,,,,
progress_started_mult,What would you like to do?,,Return to Main Menu,menu - main,View Goals Achieved,menu_progress - achieved,View Goals to Start,menu_progress - to_start,Complete another outstanding goal and leave my current goal incomplete,select_goal_from_menu - incomplete,,,,,,
progress_to_start_0,What would you like to do?,,Return to Main Menu,menu - main,View Goals Achieved,menu_progress - achieved,View Incomplete Goals,menu_progress - incomplete,,,,,,,,
progress_to_start_1,What would you like to do?,,Return to Main Menu,menu - main,View Goals Achieved,menu_progress - achieved,View Incomplete Goals,menu_progress - incomplete,Start the new goal and leave my current goal incomplete,select_goal_from_menu - to_start,,,,,,
progress_to_start_mult,What would you like to do?,,Return to Main Menu,menu - main,View Goals Achieved,menu_progress - achieved,View Incomplete Goals,menu_progress - incomplete,Start a new goal and leave my current goal incomplete,select_goal_from_menu - to_start,,,,,,
settings_profile,What would you like to do?,,Return to Main Menu,menu - main,Change other profile info,menu - settings_profile,,,,,,,,,,
