ID,message.text,message.image,return_option.text,return_option.flow,options.1.text,options.1.flow,options.2.text,options.2.flow,options.3.text,options.3.flow,options.4.text,options.4.flow,options.5.text,options.5.flow,options.6.text,options.6.flow,options.7.text,options.7.flow,options.8.text,options.8.flow,options.9.text,options.9.flow
main,What would you like to do?,,,,Track My Progress,menu_progress_main,Share with a Friend,share,Emergencies,safeguarding_help,Settings,menu - settings,Activities,activity_offer - menu,How to Use ParentText,menu_parenttext_instructions,Get Help with the Goals I am Working on,troubleshooting_menu,Review Completed Skills,review_skills_menu,Exit Menu,exit_menu
settings,What would you like to do?,,Return to Main Menu,menu - main,Change your profile,menu - settings_profile,Stop receiving the messages,menu_leave_programme,,,,,,,,,,,,,,
settings_profile,What would you like change?,,Return to Main Menu,menu - main,Your Language,settings_profile - language,Your Media Settings,settings_profile - media,Your Gender,settings_profile - gender,Your Relationship Status,settings_profile - marital_status,Your Child's Date of Birth,settings_profile - child_dob,Your Child's Nickname,settings_profile - child_name,Your Child's Gender,settings_profile - child_gender,Your M2M ID,settings_profile - research_ID,,
return_or_exit,What would you like to do next?,,Return to Main Menu,menu - main,Exit,exit_menu,,,,,,,,,,,,,,,,
