ID,current_info_msg,missing.msg,update_inquiry,update_var_flow,update_prog_var_flow,confirmation_msg,variable,missing.value,var.1.val,var.1.alias,var.2.val,var.2.alias,var.3.val,var.3.alias,var.4.val,var.4.alias,var.5.val,var.5.alias
media,Your current media setting is,You didn't provide this info.,Would you like to change it?,onboarding_question_with_opt - media,,,@fields.type_of_media,,high,"Text, Images, and Videos",medium,"Text, Images, and Audio",low,Text and Images Only,,,,
gender,You told us that you are a,You didn't tell us if you are a woman or a man. ,Would you like to update your gender?,onboarding_question_with_opt - gender,update_attachment_paths,,@fields.gender,no,woman,Woman,man,Man,,,,,,
marital_status,You told us that you are,You didn't tell us what's your relationship status.,Would you like to change your relationship status?,onboarding_question_with_opt - marital_status,settings_update_get_ipv,,@fields.marital_status,no,Single,Single (not in a relationship),Married,Married,Partnered,Partnered but not married,Divorced,Divorced or separated,Widowed,Widowed
child_dob,You told us that your child is @fields.child_age year old and was born on @fields.child_dob.,You didn't provide this info.,Would you like to update the date of birth of your child?,onboarding_question_date - child_dob,empty,,@fields.child_dob,,,,,,,,,,,
child_name,Your child's nickname is @fields.child_nickname.,You didn't provide a nickname for your child.,Would you like to update it?,onboarding_question_input - child_name,,,@fields.child_nickname,,,,,,,,,,,
child_gender,You told us that Your Child is a,You didn't tell us the gender of your child.,Would you like to change it?,onboarding_question_with_opt - child_gender,,Your child's gender has been updated.,@fields.child_gender,no,female,Girl,male,Boy,,,,,,
research_ID,Your current M2M ID is @fields.research_id.,You didn't provide this info.,Would you like to update it?,onboarding_question_input - research_id,,Your ID has been updated.,@fields.research_id,,,,,,,,,,,
