row_id,type,from,loop_variable,condition,condition_var,condition_type,condition_name,include_if,message_text,data_sheet,data_row_id,choices.1,choices.2,save_name,image,audio,video,obj_name,obj_id,node_name,_nodeId,no_response
,save_value,,,,,,,,x,,,,,bugfix,,,,,,,,
,send_message,,,,,,,"{@comic.intro!=""""@}",{{comic.intro}},,,,,,,,,,,,,
,begin_for,,text;i,,,,,,{@comic.text@},,,,,,,,,,,,,
,begin_block,,,,,,,"{@text!=""""@}",,,,,,,,,,,,,,
,send_message,,,,,,,,{{text}},,,{%if comic.next_button%}{{comic.next_button}}{%else-%}NEXT{%endif-%},,,"@(fields.comic_path & ""{{ID}}_{{i+1}}.jpg"")",,,,,,,
,wait_for_response,,,,,,,,,,,,,,,,,,,,,
,end_block,,,,,,,,,,,,,,,,,,,,,
,end_for,,,,,,,,,,,,,,,,,,,,,
