row_id,type,from,loop_variable,condition,condition_var,condition_type,condition_name,include_if,message_text,data_sheet,data_row_id,choices.1,choices.2,save_name,image,audio,video,obj_name,obj_id,node_name,_nodeId,no_response
,save_value,,,,,,,,x,,,,,bugfix,,,,,,,,
,send_message,,,,,,,"{@comic.intro!=""""@}",{{comic.intro}},,,,,,,,,,,,,
,begin_for,,i,,,,,,"{@range(0,comic.n_attachments|int)@}",,,,,,,,,,,,,
,send_message,,,,,,,"{@comic.text[i]!=""""@}","{{comic.text[i]}}

({{i+1}})",,,,,,"@(fields.comic_path & ""{{comic.file_name}}_{{i+1}}.jpg"")",,,,,,,
,send_message,,,,,,,"{@comic.text[i]==""""@}",({{i+1}}),,,,,,"@(fields.comic_path & ""{{comic.file_name}}_{{i+1}}.jpg"")",,,,,,,
,end_for,,,,,,,,,,,,,,,,,,,,,
