type,sheet_name,data_sheet,data_row_id,new_name,data_model,template_arguments,status,tags.1,tags.2,tags.3
template_definition,home_activity_checkin,,,,,wa_templates;sheet|,,,,
create_flow,home_activity_checkin,home_activity_checkin_teen_data,,,,wa_templates,,home_activity_checkin,,teen
create_flow,home_activity_checkin,home_activity_checkin_child_data,,,,wa_templates,,home_activity_checkin,,child
template_definition,demo_home_activity,,,,,content;sheet|goals;sheet,,,,
create_flow,demo_home_activity,,,demo_home_activity_teen,,home_activity_checkin_teen_data;goal_data,draft,home_activity_checkin,,teen
create_flow,demo_home_activity,,,demo_home_activity_child,,home_activity_checkin_child_data;goal_data,draft,home_activity_checkin,,child
