type,sheet_name,data_sheet,data_row_id,new_name,data_model,template_arguments,status,tags.1,tags.2,tags.3
template_definition,module,,,,,content_sheet_name|flow_structure;sheet|flow_structure_type|block_metadata;sheet,,,,
template_definition,progress_tracker_template,,,,,T|N|add_image,,,,
data_sheet,content_flow_structure,,,,FlowStructureModel,,,,,
data_sheet,block_data,,,,BlockMetadataModel,,,,,
template_definition,introduction_template,,,,,,,,,
template_definition,importance_template,,,,,,,,,
template_definition,video_template,,,,,,,,,
template_definition,audio_template,,,,,,,,,
template_definition,tips_template,,,,,,,,,
template_definition,tips_next_template,,,,,,,,,
template_definition,comic_template,,,,,,,,,
template_definition,comic_next_template,,,,,,,,,
template_definition,congratulations_template,,,,,,,,,
template_definition,home_activity_template,,,,,,,,,
template_definition,quiz_template,,,,,,,,,
template_definition,multimedia_tips_template,,,,,content_sheet_name|,,,,
template_definition,multimedia_tips_next_template,,,,,content_sheet_name|,,,,
create_flow,module,module_content_data,,,,module_content_data;content_flow_structure;next;block_data,draft,module,,
create_flow,module,module_content_data,,module_review,,module_content_data;content_flow_structure;review;block_data,draft,module,,
create_flow,module,module_content_data,,,,module_content_data;content_flow_structure;quiz_after_comic;block_data,draft,module,,
template_definition,demo_modules,,,,,content;sheet|,,,,
create_flow,demo_modules,,,,,module_content_data,draft,module,,
template_definition,short_demo_module,,,,,age|flow_name|activities;sheet|activity_types;sheet|,,,,
data_sheet,short_demo_module_data,,,,ShortDemoModel,,,,,
create_flow,short_demo_module,short_demo_module_data,,,,12;talk_feelings_teen;ltp_activity_data;activity_type_data,,module,,
