row_id,type,from,loop_variable,condition,condition_var,condition_type,condition_name,include_if,message_text,template_arguments,data_sheet,data_row_id,choices,save_name,image,audio,video,obj_name,obj_id,node_name,_nodeId,no_response
,save_value,,,,,,,,eng,,,,,attachment language,,,,,,,,
,set_contact_language,,,,,,,,eng,,,,,,,,,,,,,
,save_value,,,,,,,,Global,,,,,deployment,,,,,,,,
,start_new_flow,,,,,,,,define_attachment_paths,,,,,,,,,,,,,
,start_new_flow,,,completed,,,,,set_up_comic_names,,,,,,,,,,,,,
,save_value,,,completed,,,,,{{age}},,,,,child age,,,,,,,,
,begin_for,,type,,,,,,"{@activity_types.values()|map(attribute=""ID"")@}",,,,,,,,,,,,,
,insert_as_block,,,,,,,,split_dictionary,"{ {% for n in range(0, 18) -%} ""{{n}}"":""{% for act in activities.values() -%} {%if type in act.act_type|map('lower') and n in act.act_age and act.use_in_demo == ""demo""%}{{act.ID}} {%endif-%}{%endfor -%}"" {%if not loop.last%},{%endif-%}{%endfor -%} };{{type.lower()}} act",,,,,,,,,,,,
,end_for,,,,,,,,,,,,,,,,,,,,,
,save_value,,,,,,,,woman,,,,,gender,,,,,,,,
,begin_for,,type;i,,,,,,{@activity_types.values()@},,,,,,,,,,,,,
,insert_as_block,,,,,,,,set_up_act_var,,activity_type_data,{{type.ID}},,,,,,,,,,
,end_for,,,,,,,,,,,,,,,,,,,,,
,save_value,,,,,,,,medium,,,,,type of media,,,,,,,,
,begin_for,,qst;i,,,,,,{@onb_qst@},,,,,,,,,,,,,
,start_new_flow,,,,,,,"{@qst!=""""@}",{{qst}},,,,,,,,,,,,,
,save_value,,,completed;expired,,,,"{@qst!=""""@}",x,,,,,bug fix,,,,,,,,
,end_for,,,,,,,,,,,,,,,,,,,,,
,start_new_flow,,,,,,,,update_attachment_paths,,,,,,,,,,,,,
,save_value,,,completed,,,,,2,,,,,c n mod compl,,,,,,,,
,save_value,,,,,,,,4,,,,,c n mod,,,,,,,,
,start_new_flow,,,,,,,,module - {{flow_name}},,,,,,,,,,,,,
,start_new_flow,,,completed,,,,,activity_offer - demo,,,,,,,,,,,,,
