row_id,type,from,loop_variable,condition,condition_var,condition_type,condition_name,include_if,message_text,data_sheet,data_row_id,choices.1,choices.2,save_name,image,audio,video,obj_name,obj_id,node_name,_nodeId,no_response
,send_message,,,,,,,,{{tips.intro}},,,,,,,,,,,,,
,begin_for,,tip_msg,,,,,,{@tips.message@},,,,,,,,,,,,,
,begin_block,,,,,,,"{@tip_msg.text!=""""@}",,,,,,,,,,,,,,
,send_message,,,,,,,,{{tip_msg.text}},,,,,,,,,,,,,
,end_block,,,,,,,,,,,,,,,,,,,,,
,end_for,,,,,,,,,,,,,,,,,,,,,
